event,team_number,match_number,team_alliance,team_position,field_position,auto_high_cubes,auto_mid_cubes,auto_hybrid_cubes,auto_high_cones,auto_mid_cones,auto_hybrid_cones,auto_balance,auto_dock,auto_mobility,teleop_high_cubes,teleop_mid_cubes,teleop_hybrid_cubes,teleop_high_cones,teleop_mid_cones,teleop_hybrid_cones,teleop_shuttle,teleop_defend,end_balance,end_dock,end_park,end_num_on_station,no_show,broke_down,summary_notes,timestamp
PCH Champs,6023,1,red,2,Center,0,0,1,0,0,0,FALSE,FALSE,TRUE,0,2,0,0,0,0,FALSE,FALSE,TRUE,FALSE,FALSE,2,FALSE,FALSE,,2023-04-06 17:02:37
PCH Champs,281,1,red,1,Lane,0,0,0,0,0,0,FALSE,FALSE,FALSE,1,1,0,1,0,0,FALSE,FALSE,TRUE,FALSE,FALSE,2,FALSE,FALSE,,2023-04-06 17:02:28
PCH Champs,4112,1,red,3,Bump,0,0,0,1,0,0,FALSE,FALSE,FALSE,2,0,0,1,0,0,FALSE,FALSE,TRUE,FALSE,FALSE,2,FALSE,FALSE,They stoped moving for some few seconds that's it ,2023-04-06 17:03:21
PCH Champs,4516,1,blue,3,Center,1,0,0,0,0,0,TRUE,FALSE,FALSE,0,0,0,0,0,0,FALSE,TRUE,TRUE,FALSE,FALSE,2,FALSE,FALSE,,2023-04-06 17:02:32
PCH Champs,4188,1,blue,1,Lane,1,0,0,1,0,0,FALSE,FALSE,TRUE,0,0,0,1,0,0,FALSE,FALSE,FALSE,FALSE,TRUE,0,FALSE,TRUE,,2023-04-06 17:02:53
PCH Champs,343,2,red,2,Center,0,0,0,0,0,0,TRUE,FALSE,TRUE,1,0,3,2,0,1,FALSE,FALSE,TRUE,FALSE,FALSE,2,FALSE,FALSE,,2023-04-06 17:09:43
PCH Champs,342,2,red,1,Bump,0,0,0,0,0,0,FALSE,FALSE,TRUE,0,0,2,1,1,1,FALSE,FALSE,FALSE,FALSE,TRUE,2,FALSE,FALSE,,2023-04-06 17:09:35
PCH Champs,6340,2,blue,3,Lane,1,0,0,1,0,0,FALSE,FALSE,TRUE,0,1,0,3,2,0,FALSE,FALSE,TRUE,FALSE,FALSE,2,FALSE,FALSE,null,2023-04-06 17:09:40
PCH Champs,8080,2,blue,1,Bump,1,0,0,1,0,0,FALSE,FALSE,TRUE,1,1,1,1,0,0,FALSE,FALSE,FALSE,FALSE,TRUE,0,FALSE,FALSE,null,2023-04-06 17:09:42
PCH Champs,832,3,blue,3,Bump,0,0,0,0,0,1,FALSE,FALSE,TRUE,1,0,0,0,0,0,FALSE,FALSE,FALSE,FALSE,FALSE,2,FALSE,TRUE,null,2023-04-06 17:20:42
PCH Champs,7538,3,blue,1,Lane,0,1,0,1,0,0,FALSE,FALSE,TRUE,1,0,1,0,1,0,FALSE,FALSE,TRUE,FALSE,FALSE,2,FALSE,FALSE,null,2023-04-06 17:20:44
PCH Champs,2415,3,red,1,Center,1,0,0,0,0,0,FALSE,FALSE,TRUE,0,0,4,0,0,0,FALSE,FALSE,TRUE,FALSE,FALSE,2,FALSE,FALSE,null,2023-04-06 17:20:56
PCH Champs,1771,3,red,3,Bump,1,0,0,1,0,0,FALSE,TRUE,FALSE,2,0,3,0,0,0,TRUE,FALSE,TRUE,FALSE,FALSE,2,FALSE,FALSE,Played well but hitting teamates ,2023-04-06 17:21:18
PCH Champs,1102,4,red,2,Lane,1,1,1,0,0,0,FALSE,FALSE,TRUE,2,0,0,1,0,0,FALSE,FALSE,FALSE,FALSE,TRUE,1,FALSE,FALSE,No auto,2023-04-07 11:08:21
PCH Champs,8575,4,red,1,Bump,0,0,0,0,0,0,FALSE,FALSE,TRUE,1,0,1,1,0,1,FALSE,FALSE,TRUE,FALSE,FALSE,1,FALSE,FALSE,null,2023-04-06 17:27:35
PCH Champs,5900,4,blue,3,Bump,0,0,0,0,0,0,FALSE,FALSE,TRUE,0,1,2,0,0,1,FALSE,FALSE,TRUE,FALSE,FALSE,3,FALSE,FALSE,,2023-04-06 17:27:44
PCH Champs,3489,4,blue,2,Lane,0,0,0,0,0,0,FALSE,FALSE,TRUE,0,2,0,0,0,1,FALSE,FALSE,TRUE,FALSE,FALSE,3,FALSE,FALSE,null,2023-04-06 17:27:38
PCH Champs,1758,4,blue,1,Center,0,0,0,0,1,0,FALSE,FALSE,TRUE,0,0,0,0,3,1,FALSE,FALSE,TRUE,FALSE,FALSE,3,FALSE,FALSE,null,2023-04-06 17:27:35
PCH Champs,2415,5,blue,1,Bump,0,0,0,0,1,0,FALSE,FALSE,FALSE,0,0,1,2,0,0,FALSE,FALSE,FALSE,FALSE,null,TRUE,FALSE,FALSE,1,2023-04-07 15:03:41
PCH Champs,6366,5,blue,3,Lane,1,0,0,0,0,0,FALSE,FALSE,TRUE,0,1,0,0,1,1,FALSE,FALSE,FALSE,FALSE,TRUE,1,FALSE,FALSE,null,2023-04-06 17:38:28
PCH Champs,4701,5,blue,2,Bump,0,0,0,0,0,1,FALSE,FALSE,TRUE,0,0,0,2,0,1,FALSE,FALSE,FALSE,FALSE,TRUE,0,FALSE,FALSE,,2023-04-06 17:38:25
PCH Champs,1414,5,blue,2,Center,0,1,0,0,0,0,TRUE,FALSE,TRUE,1,1,0,3,0,0,FALSE,FALSE,TRUE,FALSE,FALSE,2,FALSE,FALSE,null,2023-04-06 17:20:38
PCH Champs,1648,5,blue,1,Center,0,0,0,0,0,0,FALSE,FALSE,FALSE,0,0,0,0,0,0,FALSE,FALSE,TRUE,FALSE,FALSE,1,FALSE,TRUE,Intake broke,2023-04-06 17:38:41
PCH Champs,1287,5,red,1,Bump,0,0,0,1,0,0,FALSE,FALSE,TRUE,0,0,2,1,0,0,FALSE,FALSE,TRUE,FALSE,FALSE,2,FALSE,FALSE,null,2023-04-06 17:38:06
PCH Champs,1683,6,blue,1,Bump,1,0,0,1,0,0,FALSE,FALSE,TRUE,0,0,0,0,0,0,FALSE,FALSE,FALSE,TRUE,lost connection,FALSE,FALSE,FALSE,0,2023-04-07 15:11:14
PCH Champs,2974,6,blue,3,Center,1,0,0,0,0,0,TRUE,FALSE,FALSE,1,1,2,3,2,1,FALSE,FALSE,FALSE,FALSE,TRUE,2,FALSE,FALSE,null,2023-04-06 17:44:57
PCH Champs,8137,6,blue,2,Bump,0,0,0,0,0,0,FALSE,FALSE,FALSE,0,0,0,0,0,0,FALSE,TRUE,TRUE,FALSE,FALSE,2,FALSE,FALSE,null,2023-04-06 17:44:54
PCH Champs,4189,6,blue,1,Lane,1,0,0,0,0,0,FALSE,FALSE,TRUE,0,1,0,3,0,0,FALSE,FALSE,TRUE,FALSE,FALSE,2,FALSE,FALSE,null,2023-04-06 17:44:52
PCH Champs,5109,6,red,1,Bump,0,0,0,0,0,0,FALSE,FALSE,TRUE,0,0,0,2,0,0,FALSE,FALSE,TRUE,FALSE,FALSE,2,FALSE,FALSE,null,2023-04-06 17:44:50
PCH Champs,4451,7,blue,2,Center,0,1,0,0,0,0,TRUE,FALSE,TRUE,1,0,1,4,0,0,FALSE,FALSE,TRUE,FALSE,FALSE,2,FALSE,FALSE,Intake costed us 5 for contact with another robot,2023-04-06 17:54:38
PCH Champs,9293,7,blue,1,Bump,FALSE,FALSE,Quick movement and quick collection/placement from floor,FALSE,FALSE,TRUE,2,0,0,7,0,0,0,TRUE,FALSE,0,1,0,0,0,0,FALSE,FALSE,TRUE,2023-04-06 17:54:56
PCH Champs,5293,7,blue,3,Lane,0,0,0,0,0,0,FALSE,FALSE,TRUE,1,0,0,1,0,0,FALSE,FALSE,TRUE,FALSE,FALSE,2,FALSE,FALSE,,2023-04-06 17:54:20
PCH Champs,1311,7,red,1,Bump,0,0,1,0,0,0,FALSE,FALSE,TRUE,1,0,0,2,0,0,TRUE,FALSE,FALSE,FALSE,TRUE,2,FALSE,FALSE,,2023-04-06 17:55:18
PCH Champs,3490,7,red,2,Center,0,0,1,0,0,0,TRUE,FALSE,TRUE,0,1,0,1,2,0,FALSE,FALSE,TRUE,FALSE,FALSE,2,FALSE,FALSE,,2023-04-06 17:55:32
PCH Champs,9260,8,blue,2,Bump,1,1,0,0,0,0,FALSE,FALSE,TRUE,0,0,0,2,0,0,FALSE,FALSE,TRUE,FALSE,FALSE,2,FALSE,FALSE,Fumbled 2 cones from the human player station. Dropped another over at the hugh nodes and very top heavy. Arm is the only thing preventing them from falling in some cases,2023-04-06 18:02:17
PCH Champs,6919,8,blue,1,Center,1,1,0,0,0,0,TRUE,FALSE,TRUE,0,1,3,2,2,0,TRUE,FALSE,TRUE,FALSE,FALSE,2,FALSE,FALSE,Quick movement placement and collection. very accurate,2023-04-06 18:02:07
PCH Champs,8866,8,blue,3,Lane,1,0,0,0,0,0,FALSE,FALSE,TRUE,1,0,0,2,0,0,FALSE,FALSE,FALSE,FALSE,TRUE,2,FALSE,FALSE,null,2023-04-06 18:01:33
PCH Champs,8736,8,red,1,Center,1,0,0,0,0,0,FALSE,FALSE,TRUE,0,0,0,0,0,0,FALSE,TRUE,TRUE,FALSE,FALSE,2,FALSE,TRUE,Their arm broke and they went to the chargeing station and stayed there,2023-04-06 18:02:49
PCH Champs,1261,8,red,2,Lane,1,0,0,1,0,0,FALSE,FALSE,TRUE,1,0,1,3,0,0,FALSE,FALSE,TRUE,FALSE,FALSE,2,FALSE,FALSE,null,2023-04-06 18:01:38
PCH Champs,8865,8,red,3,Bump,0,0,0,0,0,0,FALSE,FALSE,FALSE,1,0,0,0,0,0,FALSE,FALSE,FALSE,FALSE,FALSE,2,FALSE,TRUE,Thry never moved the whole game,2023-04-06 18:01:46
PCH Champs,281,9,blue,2,Center,1,0,0,0,0,0,FALSE,FALSE,TRUE,1,0,0,4,0,0,FALSE,FALSE,FALSE,TRUE,FALSE,2,FALSE,FALSE,Attempeted the pick up off the floor but went to wall shortly after. Play over charge station and with some sense of pace. ,2023-04-06 18:09:19
PCH Champs,4509,9,blue,1,Bump,1,0,0,0,0,1,FALSE,FALSE,TRUE,0,1,0,2,1,0,TRUE,FALSE,FALSE,FALSE,TRUE,0,FALSE,FALSE,Unclear end game. accurate placing of cones and cubes,2023-04-06 18:09:02
PCH Champs,2415,9,blue,3,Lane,2,0,0,0,0,0,FALSE,FALSE,TRUE,1,0,0,2,0,0,FALSE,TRUE,FALSE,FALSE,TRUE,2,FALSE,FALSE,null,2023-04-06 18:08:16
PCH Champs,4516,9,red,1,Center,1,0,0,0,0,0,TRUE,FALSE,FALSE,0,2,0,0,0,0,TRUE,FALSE,FALSE,FALSE,TRUE,2,FALSE,FALSE,null,2023-04-06 18:08:20
PCH Champs,7538,9,red,2,Bump,1,0,0,0,0,0,FALSE,FALSE,TRUE,1,0,0,0,2,0,FALSE,FALSE,TRUE,FALSE,FALSE,2,FALSE,FALSE,got defended easily and dropped a cone when hit,2023-04-06 18:08:52
PCH Champs,4188,10,blue,2,Center,1,0,0,0,0,0,TRUE,FALSE,FALSE,1,0,0,5,0,0,FALSE,FALSE,FALSE,TRUE,FALSE,2,FALSE,FALSE,null,2023-04-06 18:19:03
PCH Champs,8080,10,blue,1,Bump,1,0,0,0,0,0,FALSE,FALSE,FALSE,0,0,5,0,0,0,TRUE,TRUE,FALSE,FALSE,FALSE,2,FALSE,FALSE,Only collected from floor,2023-04-06 18:20:17
PCH Champs,6829,10,blue,3,Lane,1,1,0,0,0,0,FALSE,FALSE,TRUE,1,0,0,3,0,0,TRUE,FALSE,FALSE,TRUE,FALSE,2,FALSE,FALSE,null,2023-04-06 18:19:09
PCH Champs,7451,10,red,1,Bump,0,0,1,0,0,0,FALSE,FALSE,TRUE,0,0,3,0,0,0,TRUE,FALSE,FALSE,FALSE,TRUE,1,FALSE,FALSE,null,2023-04-06 18:19:04
PCH Champs,6340,10,red,2,Center,1,0,0,0,0,0,FALSE,TRUE,TRUE,1,0,0,1,2,0,FALSE,FALSE,FALSE,FALSE,TRUE,1,FALSE,FALSE,bad at charge station too slippy,2023-04-06 18:19:35
PCH Champs,6366,11,blue,2,Lane,1,0,0,0,0,0,FALSE,FALSE,TRUE,0,0,3,0,0,0,FALSE,FALSE,TRUE,FALSE,FALSE,2,FALSE,FALSE,null,2023-04-06 18:28:12
PCH Champs,5109,11,blue,1,Bump,1,0,0,0,0,0,FALSE,FALSE,TRUE,0,0,0,2,0,0,TRUE,FALSE,FALSE,FALSE,FALSE,2,FALSE,TRUE,Stopped twice,2023-04-06 18:28:30
PCH Champs,6341,11,blue,3,Center,1,0,0,0,0,0,TRUE,FALSE,TRUE,0,0,1,0,0,0,FALSE,TRUE,TRUE,FALSE,FALSE,2,FALSE,FALSE,null,2023-04-06 18:27:48
PCH Champs,6023,11,red,1,Center,1,0,1,0,0,0,TRUE,FALSE,FALSE,0,0,2,0,0,1,TRUE,FALSE,TRUE,FALSE,FALSE,2,FALSE,FALSE,null,2023-04-06 18:29:29
PCH Champs,2974,11,red,2,Lane,1,0,0,1,0,0,FALSE,FALSE,TRUE,0,0,3,4,0,1,FALSE,FALSE,TRUE,FALSE,FALSE,2,FALSE,FALSE,zoom good cones and cubes,2023-04-06 18:28:27
PCH Champs,1746,12,blue,2,Lane,0,0,1,0,0,0,FALSE,FALSE,TRUE,0,0,0,3,0,1,FALSE,FALSE,TRUE,FALSE,FALSE,3,FALSE,FALSE,Fumbled 3 cones and missed at the substation several times,2023-04-06 18:36:12
PCH Champs,3344,12,blue,1,Center,0,0,0,0,0,1,FALSE,FALSE,FALSE,0,0,0,0,0,0,FALSE,TRUE,TRUE,FALSE,FALSE,3,FALSE,FALSE,Played defense well but uncareful,2023-04-06 18:36:32
PCH Champs,1771,12,blue,3,Bump,0,0,1,1,0,0,TRUE,FALSE,TRUE,3,1,0,1,0,0,FALSE,FALSE,TRUE,FALSE,FALSE,3,FALSE,FALSE,,2023-04-06 18:35:44
PCH Champs,1102,12,red,1,Lane,1,1,0,0,0,0,FALSE,FALSE,TRUE,2,0,0,3,0,0,TRUE,FALSE,FALSE,FALSE,TRUE,0,FALSE,FALSE,,2023-04-06 18:36:01
PCH Champs,1414,12,red,2,Center,0,0,0,1,0,0,TRUE,FALSE,TRUE,0,0,0,2,2,0,FALSE,FALSE,FALSE,TRUE,FALSE,2,FALSE,FALSE,very smooth very zippy easy to defend has hard time loading slow loading at endgame 1758 kept them from balancing,2023-04-06 18:36:54
PCH Champs,8736,13,blue,2,Lane,0,0,0,0,0,0,FALSE,FALSE,TRUE,0,0,3,0,0,1,FALSE,FALSE,TRUE,FALSE,FALSE,3,FALSE,FALSE,,2023-04-06 18:49:53
PCH Champs,4112,13,blue,1,Bump,0,0,0,1,0,0,FALSE,FALSE,FALSE,1,0,0,1,0,0,FALSE,FALSE,TRUE,FALSE,FALSE,3,FALSE,FALSE,,2023-04-06 18:49:34
PCH Champs,3489,13,blue,3,Center,0,0,0,0,0,0,FALSE,FALSE,FALSE,0,1,0,0,2,0,FALSE,FALSE,TRUE,FALSE,FALSE,3,FALSE,FALSE,,2023-04-06 18:50:05
PCH Champs,5293,13,red,2,Center,0,0,0,0,0,0,FALSE,FALSE,FALSE,1,1,2,3,2,1,FALSE,FALSE,FALSE,FALSE,FALSE,0,FALSE,TRUE,,2023-04-06 18:49:46
PCH Champs,8137,13,red,3,Lane,0,0,0,0,0,0,FALSE,FALSE,TRUE,0,0,1,0,0,1,FALSE,TRUE,TRUE,FALSE,FALSE,2,FALSE,FALSE,,2023-04-06 18:49:39
PCH Champs,3635,14,blue,2,Lane,0,1,1,0,0,0,FALSE,FALSE,TRUE,0,1,0,0,2,0,FALSE,FALSE,FALSE,TRUE,FALSE,1,FALSE,FALSE,,2023-04-07 9:04:29
PCH Champs,343,14,blue,1,Center,0,0,0,0,0,0,TRUE,FALSE,TRUE,0,0,2,0,2,1,FALSE,FALSE,FALSE,TRUE,FALSE,2,FALSE,FALSE,,2023-04-07 9:04:18
PCH Champs,9260,14,blue,3,Bump,0,0,0,0,0,0,FALSE,FALSE,TRUE,1,0,0,4,0,0,FALSE,FALSE,FALSE,FALSE,TRUE,0,FALSE,FALSE,average team can be defended by bumping into it,2023-04-07 9:04:42
PCH Champs,1261,14,red,2,Center,0,1,0,1,0,0,TRUE,FALSE,FALSE,2,0,0,2,0,2,FALSE,TRUE,TRUE,FALSE,FALSE,2,FALSE,FALSE,Good performance qnd team work,2023-04-07 9:04:29
PCH Champs,6919,14,red,1,Lane,0,0,1,0,0,0,FALSE,FALSE,TRUE,1,0,1,2,2,0,FALSE,FALSE,FALSE,FALSE,TRUE,2,FALSE,FALSE,Very good at hybrids and cones,2023-04-07 9:04:27
PCH Champs,1311,15,blue,2,Bump,0,0,1,0,0,0,FALSE,FALSE,TRUE,0,0,0,0,0,0,FALSE,FALSE,TRUE,FALSE,FALSE,2,FALSE,FALSE,null,2023-04-07 9:12:02
PCH Champs,8865,15,blue,1,Lane,1,0,0,0,0,0,FALSE,FALSE,TRUE,2,0,0,0,0,1,FALSE,FALSE,FALSE,FALSE,TRUE,0,FALSE,FALSE,null,2023-04-07 9:12:06
PCH Champs,4701,15,blue,3,Center,0,0,0,0,0,1,FALSE,FALSE,FALSE,0,0,0,1,0,0,FALSE,FALSE,FALSE,FALSE,TRUE,0,FALSE,FALSE,,2023-04-07 9:12:03
PCH Champs,2815,15,red,2,Center,0,0,1,0,0,0,TRUE,FALSE,TRUE,0,0,3,0,0,0,TRUE,FALSE,FALSE,FALSE,TRUE,0,FALSE,FALSE,Not scoring high or middle not accurate but good team work,2023-04-07 9:13:23
PCH Champs,4533,15,red,1,Bump,1,0,0,0,0,0,FALSE,FALSE,FALSE,0,0,2,0,0,0,FALSE,FALSE,TRUE,FALSE,FALSE,2,FALSE,FALSE,Buddy climb broke,2023-04-07 9:12:17
PCH Champs,832,15,red,3,Lane,0,0,0,1,0,0,FALSE,FALSE,TRUE,1,0,0,1,1,0,FALSE,FALSE,TRUE,FALSE,FALSE,2,FALSE,FALSE,null,2023-04-07 9:12:01
PCH Champs,4189,16,blue,2,Center,1,0,0,0,0,0,TRUE,FALSE,TRUE,0,0,0,3,0,1,FALSE,FALSE,TRUE,FALSE,FALSE,2,FALSE,FALSE,null,2023-04-07 9:18:24
PCH Champs,4451,16,blue,1,Lane,0,0,1,0,0,0,FALSE,FALSE,TRUE,1,0,2,2,1,0,FALSE,FALSE,TRUE,FALSE,FALSE,2,FALSE,FALSE,null,2023-04-07 9:18:20
PCH Champs,4509,16,blue,0,Bump,0,0,0,2,0,0,FALSE,FALSE,TRUE,1,1,2,0,1,1,FALSE,FALSE,FALSE,FALSE,TRUE,2,FALSE,FALSE,null,2023-04-07 9:19:09
PCH Champs,1648,16,red,2,Center,1,0,0,0,0,0,FALSE,FALSE,FALSE,0,0,1,0,0,0,TRUE,FALSE,FALSE,TRUE,FALSE,2,FALSE,FALSE,Failed on picking up boxes did not picked any cones ,2023-04-07 9:19:27
PCH Champs,9293,16,red,3,Lane,1,0,0,0,0,0,FALSE,FALSE,TRUE,0,0,4,0,0,0,FALSE,FALSE,FALSE,TRUE,FALSE,2,FALSE,FALSE,null,2023-04-07 9:18:26
PCH Champs,8575,17,blue,2,Lane,1,0,0,0,0,0,FALSE,FALSE,FALSE,1,0,0,1,0,0,FALSE,FALSE,TRUE,FALSE,FALSE,2,FALSE,FALSE,null,2023-04-07 9:25:09
PCH Champs,3815,17,blue,1,Bump,0,0,1,0,0,0,FALSE,FALSE,TRUE,0,0,5,0,0,1,TRUE,TRUE,FALSE,FALSE,TRUE,0,FALSE,FALSE,null,2023-04-07 9:25:18
PCH Champs,6341,17,blue,3,Center,1,0,0,0,0,0,TRUE,FALSE,TRUE,0,0,0,1,0,0,FALSE,FALSE,TRUE,FALSE,FALSE,2,FALSE,FALSE,,2023-04-07 9:25:18
PCH Champs,5900,17,red,2,Center,0,0,0,0,0,0,FALSE,TRUE,TRUE,0,0,3,0,0,0,TRUE,TRUE,TRUE,FALSE,FALSE,2,FALSE,FALSE,Good teamwork but not scoring high points couldn't move their arm to pick up cones or boxes they where pushing the to the low points ,2023-04-07 9:27:02
PCH Champs,6712,17,red,1,Lane,0,0,0,1,0,0,FALSE,FALSE,TRUE,0,0,0,2,0,1,FALSE,FALSE,FALSE,FALSE,FALSE,2,FALSE,TRUE,Fell of charging station,2023-04-07 9:25:41
PCH Champs,7538,17,red,3,Bump,0,0,1,0,0,0,FALSE,FALSE,TRUE,1,0,3,0,0,0,FALSE,FALSE,TRUE,FALSE,FALSE,2,FALSE,FALSE,null,2023-04-07 9:25:10
PCH Champs,7451,18,blue,2,Lane,1,0,0,0,0,0,FALSE,FALSE,TRUE,0,0,1,2,0,0,FALSE,FALSE,TRUE,FALSE,FALSE,3,FALSE,FALSE,null,2023-04-07 9:33:07
PCH Champs,8736,18,blue,1,Lane,0,0,0,1,0,0,FALSE,FALSE,TRUE,1,0,0,1,0,2,FALSE,FALSE,TRUE,FALSE,FALSE,3,FALSE,FALSE,null,2023-04-07 9:33:05
PCH Champs,2974,18,blue,3,Center,1,0,0,0,0,0,TRUE,FALSE,TRUE,0,1,0,1,2,1,FALSE,FALSE,TRUE,FALSE,FALSE,3,FALSE,FALSE,they hood,2023-04-07 9:33:40
PCH Champs,4516,18,red,2,Center,1,0,0,0,0,0,FALSE,FALSE,TRUE,0,0,0,0,0,0,FALSE,TRUE,FALSE,FALSE,TRUE,1,FALSE,FALSE,Did not play for any point they played defend the whole match ,2023-04-07 9:33:40
PCH Champs,2415,18,red,1,Bump,0,0,0,0,0,0,FALSE,FALSE,FALSE,0,0,2,0,0,0,FALSE,FALSE,TRUE,FALSE,FALSE,2,FALSE,FALSE,Struggled to get game pieces,2023-04-07 9:33:22
PCH Champs,1102,18,red,3,Lane,1,0,1,0,0,0,TRUE,FALSE,FALSE,1,0,0,4,0,0,FALSE,FALSE,TRUE,FALSE,FALSE,2,FALSE,FALSE,null,2023-04-07 9:33:04
PCH Champs,5109,19,blue,2,Center,1,0,0,0,0,0,TRUE,FALSE,FALSE,0,0,0,3,0,2,FALSE,FALSE,FALSE,FALSE,TRUE,0,FALSE,FALSE,Fumbled 4 cones exiting the human player station,2023-04-07 9:40:42
PCH Champs,3344,19,blue,1,Lane,0,0,0,0,0,1,FALSE,FALSE,TRUE,1,0,0,1,0,0,FALSE,FALSE,TRUE,FALSE,FALSE,2,FALSE,FALSE,3344 is a very jancky team. They are also slow and donâ€™t seem to have a strategy ,2023-04-07 9:41:15
PCH Champs,8137,19,blue,3,Bump,0,0,0,0,0,0,FALSE,FALSE,TRUE,0,0,0,0,0,0,FALSE,TRUE,TRUE,FALSE,FALSE,2,FALSE,FALSE,,2023-04-07 9:40:30
PCH Champs,343,19,red,3,Center,0,1,0,0,0,0,TRUE,FALSE,TRUE,0,1,1,0,2,0,FALSE,FALSE,FALSE,FALSE,TRUE,2,FALSE,FALSE,,2023-04-07 9:40:17
PCH Champs,6366,19,red,2,Center,1,0,0,0,0,0,FALSE,FALSE,TRUE,0,2,1,0,1,0,TRUE,FALSE,TRUE,FALSE,FALSE,2,FALSE,FALSE,Struggled to keep hopd of cubes,2023-04-07 9:40:36
PCH Champs,6829,19,red,1,Lane,1,0,0,0,0,0,FALSE,FALSE,TRUE,0,1,0,4,0,0,FALSE,FALSE,TRUE,FALSE,FALSE,2,FALSE,FALSE,Really fast,2023-04-07 9:40:30
PCH Champs,3490,20,blue,0,Lane,0,0,0,0,0,0,FALSE,FALSE,TRUE,0,1,0,0,3,1,FALSE,FALSE,TRUE,FALSE,FALSE,2,FALSE,FALSE,Slow on the pick up and scoring of game pieces,2023-04-07 9:47:26
PCH Champs,6340,20,blue,2,Center,1,0,0,0,0,0,TRUE,FALSE,TRUE,0,1,0,1,3,0,FALSE,FALSE,FALSE,FALSE,TRUE,0,FALSE,FALSE,null,2023-04-07 9:47:01
PCH Champs,4533,20,blue,3,Bump,1,0,0,0,0,0,FALSE,FALSE,TRUE,0,0,0,1,0,2,FALSE,FALSE,TRUE,FALSE,FALSE,2,FALSE,FALSE,null,2023-04-07 9:46:55
PCH Champs,1683,20,red,2,Lane,1,0,0,1,0,0,FALSE,FALSE,TRUE,2,1,1,3,2,0,TRUE,FALSE,FALSE,FALSE,TRUE,2,FALSE,FALSE,Very good at moving game pieces,2023-04-07 9:47:48
PCH Champs,1414,20,red,3,Center,0,0,0,1,0,0,TRUE,FALSE,TRUE,0,0,0,1,1,2,FALSE,FALSE,TRUE,FALSE,FALSE,2,FALSE,FALSE,good simple build clumsy gameplay,2023-04-07 9:47:27
PCH Champs,342,20,red,1,Lane,0,0,0,0,0,0,FALSE,FALSE,FALSE,1,1,1,0,2,1,FALSE,FALSE,TRUE,FALSE,FALSE,2,FALSE,FALSE,null,2023-04-07 9:47:00
PCH Champs,9260,21,blue,0,Lane,0,0,0,0,0,1,FALSE,FALSE,TRUE,1,0,0,2,1,1,FALSE,FALSE,FALSE,FALSE,TRUE,0,FALSE,FALSE,null,2023-04-07 9:54:46
PCH Champs,4189,21,blue,2,Center,1,0,0,0,0,0,TRUE,FALSE,FALSE,0,0,0,3,1,0,FALSE,FALSE,FALSE,FALSE,FALSE,0,FALSE,FALSE,Incured a foul and dropped 2 cones in the community,2023-04-07 9:55:20
PCH Champs,4701,21,blue,3,Lane,1,0,0,0,0,0,FALSE,FALSE,TRUE,0,0,0,0,0,0,FALSE,TRUE,FALSE,FALSE,TRUE,1,FALSE,FALSE,null,2023-04-07 9:54:43
PCH Champs,1771,21,red,3,Lane,1,0,0,1,0,0,FALSE,TRUE,TRUE,1,0,0,2,0,1,FALSE,FALSE,FALSE,TRUE,FALSE,1,FALSE,FALSE,fast cycles but sloppy arm limited by cone intake having to be straight on either direction but i think they have centering wheels,2023-04-07 9:55:49
PCH Champs,6023,21,red,2,Center,0,0,1,0,0,0,FALSE,FALSE,TRUE,0,2,0,0,1,0,FALSE,FALSE,FALSE,FALSE,TRUE,1,FALSE,FALSE,Struggled to hold,2023-04-07 9:55:09
PCH Champs,5293,21,red,1,Center,0,0,1,0,0,0,FALSE,FALSE,FALSE,0,0,0,0,0,1,FALSE,TRUE,FALSE,FALSE,FALSE,1,FALSE,TRUE,Claw isnt working?,2023-04-07 9:55:08
PCH Champs,8080,22,blue,0,Bump,0,1,0,0,0,0,FALSE,FALSE,FALSE,0,0,4,0,0,0,FALSE,FALSE,TRUE,FALSE,FALSE,1,FALSE,FALSE,null,2023-04-07 10:01:43
PCH Champs,6919,22,blue,3,Center,1,0,0,0,0,0,TRUE,FALSE,TRUE,0,0,0,2,0,0,FALSE,FALSE,FALSE,FALSE,FALSE,1,FALSE,TRUE,Wrecked and broke down,2023-04-07 10:02:07
PCH Champs,8575,22,blue,2,Lane,1,0,0,0,0,0,FALSE,FALSE,TRUE,0,0,0,2,0,0,FALSE,FALSE,FALSE,FALSE,FALSE,0,FALSE,TRUE,Fouled once and stopped moving with 40 seconds left,2023-04-07 10:01:57
PCH Champs,4188,22,red,3,Lane,0,0,1,1,0,0,FALSE,FALSE,TRUE,1,0,0,0,0,2,FALSE,FALSE,FALSE,TRUE,FALSE,1,FALSE,FALSE,mechanical malfunction in addition to pussible mechanical malfunction and hard time pivoting grip to pick up from human player station,2023-04-07 10:02:39
PCH Champs,1648,22,red,1,Bump,0,0,0,0,0,0,FALSE,FALSE,FALSE,0,0,2,0,0,0,FALSE,FALSE,FALSE,TRUE,FALSE,2,FALSE,TRUE,claw seemed to be struggling,2023-04-07 10:01:53
PCH Champs,1745,22,red,2,Bump,0,0,0,0,0,1,TRUE,FALSE,TRUE,2,1,1,0,0,2,TRUE,FALSE,FALSE,FALSE,TRUE,2,FALSE,FALSE,,2023-04-07 10:01:38
PCH Champs,8865,23,blue,1,Bump,1,0,0,0,0,0,FALSE,FALSE,FALSE,0,1,0,0,0,0,FALSE,FALSE,TRUE,FALSE,FALSE,2,FALSE,FALSE,,2023-04-07 10:08:15
PCH Champs,4451,23,blue,3,Center,0,0,0,0,0,0,TRUE,FALSE,TRUE,2,0,1,3,0,0,FALSE,FALSE,TRUE,FALSE,FALSE,2,FALSE,FALSE,null,2023-04-07 10:08:10
PCH Champs,6712,23,blue,2,Lane,0,0,0,1,0,0,FALSE,FALSE,TRUE,1,0,0,2,0,0,FALSE,FALSE,FALSE,FALSE,FALSE,0,FALSE,FALSE,,2023-04-07 10:08:29
PCH Champs,1287,23,red,3,Bump,0,0,0,1,0,0,FALSE,FALSE,TRUE,1,0,1,3,0,1,FALSE,FALSE,FALSE,FALSE,TRUE,2,FALSE,FALSE,like to spin and gripper wobbles while scoring had 2 piece auto but it overshot the turn to pick the second piece,2023-04-07 10:09:12
PCH Champs,5900,23,red,1,Lane,0,0,1,0,0,0,FALSE,FALSE,TRUE,0,0,0,0,0,1,TRUE,FALSE,TRUE,FALSE,FALSE,2,FALSE,TRUE,Claw wasnt working wheels made a weird noise,2023-04-07 10:08:38
PCH Champs,281,23,red,2,Center,1,0,0,0,0,0,FALSE,TRUE,TRUE,1,0,0,3,1,0,TRUE,FALSE,TRUE,FALSE,FALSE,2,FALSE,FALSE,null,2023-04-07 10:08:18
PCH Champs,832,24,blue,0,Lane,0,0,0,0,0,0,FALSE,FALSE,TRUE,0,0,0,0,0,0,FALSE,TRUE,TRUE,FALSE,FALSE,2,FALSE,FALSE,definitely made for defense with the capability to score if need be. however they donâ€™t seem to have a strategy for scorin as if they donâ€™t plan to ,2023-04-07 10:16:12
PCH Champs,4509,24,blue,2,Center,0,0,0,1,0,0,TRUE,FALSE,TRUE,2,0,0,4,0,1,FALSE,FALSE,TRUE,FALSE,FALSE,2,FALSE,FALSE,null,2023-04-07 10:15:08
PCH Champs,9293,24,blue,3,Bump,1,0,0,0,0,0,FALSE,FALSE,TRUE,0,0,4,0,0,0,FALSE,FALSE,FALSE,FALSE,TRUE,2,FALSE,FALSE,null,2023-04-07 10:15:22
PCH Champs,2815,24,red,2,Bump,0,0,1,0,0,0,FALSE,FALSE,TRUE,0,0,2,0,0,1,TRUE,FALSE,TRUE,FALSE,FALSE,2,FALSE,FALSE,null,2023-04-07 10:14:59
PCH Champs,1261,24,red,3,Lane,0,0,0,1,0,0,FALSE,FALSE,TRUE,0,0,1,1,0,0,FALSE,FALSE,FALSE,FALSE,FALSE,2,FALSE,TRUE,missed second piece in auto and tipped over half through teleop,2023-04-07 10:15:45
PCH Champs,3489,24,red,1,Center,0,0,0,0,1,0,FALSE,FALSE,FALSE,1,0,0,0,0,1,FALSE,FALSE,TRUE,FALSE,FALSE,2,FALSE,FALSE,null,2023-04-07 10:15:06
PCH Champs,1051,25,red,3,Lane,0,0,0,0,0,0,FALSE,FALSE,TRUE,0,0,0,0,0,0,FALSE,FALSE,FALSE,FALSE,TRUE,0,FALSE,FALSE,,2023-03-24 15:36:22
PCH Champs,1758,25,red,3,Lane,0,0,0,0,0,1,FALSE,FALSE,TRUE,0,1,0,0,2,0,FALSE,FALSE,FALSE,FALSE,TRUE,2,FALSE,FALSE,,2023-04-07 10:21:45
PCH Champs,3815,25,red,2,Center,0,0,1,0,0,0,FALSE,TRUE,TRUE,0,0,4,0,0,0,TRUE,TRUE,TRUE,FALSE,FALSE,2,FALSE,FALSE,Mostly played defend and scored low points and had a good balance ,2023-04-07 10:22:53
PCH Champs,1311,25,blue,1,Bump,0,0,1,0,0,0,FALSE,FALSE,TRUE,1,0,0,0,0,1,FALSE,FALSE,FALSE,FALSE,FALSE,0,FALSE,FALSE,,2023-04-07 10:21:53
PCH Champs,3635,25,blue,2,Center,0,1,0,0,0,0,TRUE,FALSE,FALSE,0,0,0,0,3,0,FALSE,FALSE,FALSE,TRUE,FALSE,1,FALSE,FALSE,,2023-04-07 10:21:56
PCH Champs,4516,26,blue,3,Lane,2,0,0,0,0,0,FALSE,FALSE,TRUE,0,0,4,0,0,0,FALSE,FALSE,TRUE,FALSE,FALSE,2,FALSE,FALSE,,2023-04-07 10:28:41
PCH Champs,3490,26,blue,1,Center,0,0,0,0,0,0,TRUE,FALSE,TRUE,0,0,0,1,0,0,FALSE,FALSE,FALSE,FALSE,TRUE,0,FALSE,FALSE,Something on claw mechanism broke,2023-04-07 10:29:19
PCH Champs,6341,26,blue,2,Bump,1,0,0,0,0,0,FALSE,FALSE,TRUE,0,0,0,2,0,0,FALSE,FALSE,TRUE,FALSE,FALSE,2,FALSE,FALSE,null,2023-04-07 10:28:56
PCH Champs,6340,26,red,2,Center,1,0,0,0,0,0,TRUE,FALSE,TRUE,0,0,0,2,2,0,TRUE,TRUE,FALSE,FALSE,TRUE,1,FALSE,FALSE,Good team work telop had difficulties picking up cones good be!ance in both autonimous and telop scoring high points most of the time ,2023-04-07 10:30:03
PCH Champs,1771,26,red,1,Lane,0,0,0,1,0,0,FALSE,FALSE,TRUE,2,0,0,2,0,0,FALSE,FALSE,TRUE,FALSE,FALSE,2,FALSE,FALSE,null,2023-04-07 10:28:33
PCH Champs,8575,27,blue,3,Center,1,0,0,0,0,0,FALSE,FALSE,FALSE,0,0,0,1,0,0,FALSE,FALSE,FALSE,FALSE,FALSE,2,FALSE,TRUE,,2023-04-07 10:35:27
PCH Champs,1683,27,blue,1,Lane,0,0,0,1,0,0,FALSE,TRUE,TRUE,3,0,0,3,0,0,FALSE,FALSE,TRUE,FALSE,FALSE,2,FALSE,FALSE,null,2023-04-07 10:35:30
PCH Champs,1648,27,blue,2,Bump,0,0,0,0,0,0,FALSE,FALSE,FALSE,0,0,0,0,0,0,FALSE,TRUE,TRUE,FALSE,FALSE,2,FALSE,FALSE,null,2023-04-07 10:35:35
PCH Champs,6366,27,red,2,Center,1,0,0,0,0,0,TRUE,FALSE,TRUE,0,0,1,3,0,1,TRUE,FALSE,FALSE,FALSE,TRUE,1,FALSE,FALSE,Good autonimous scoring high cones not accurate have good team communication and team work ,2023-04-07 10:36:34
PCH Champs,2415,27,red,1,Lane,1,0,0,0,0,0,FALSE,FALSE,TRUE,1,0,0,2,0,0,FALSE,FALSE,TRUE,FALSE,FALSE,2,FALSE,FALSE,null,2023-04-07 10:35:24
PCH Champs,6712,28,blue,3,Lane,0,0,0,1,0,0,FALSE,FALSE,TRUE,1,0,0,2,0,0,FALSE,FALSE,FALSE,FALSE,FALSE,2,FALSE,FALSE,,2023-04-07 10:42:30
PCH Champs,281,28,blue,1,Bump,1,0,0,0,0,0,FALSE,FALSE,TRUE,0,1,0,1,2,1,FALSE,FALSE,TRUE,FALSE,FALSE,2,FALSE,FALSE,null,2023-04-07 10:42:44
PCH Champs,2974,28,blue,2,Center,1,0,0,0,0,0,TRUE,FALSE,FALSE,0,0,3,2,0,3,FALSE,FALSE,TRUE,FALSE,FALSE,2,FALSE,FALSE,null,2023-04-07 10:42:29
PCH Champs,1414,28,red,2,Center,0,0,0,1,0,0,TRUE,FALSE,TRUE,1,1,0,3,2,0,FALSE,FALSE,TRUE,FALSE,FALSE,2,FALSE,FALSE,Great accuracy good performance scored more high score team work and good team communication ,2023-04-07 10:43:10
PCH Champs,3344,28,red,1,Bump,0,0,0,0,0,1,FALSE,FALSE,TRUE,0,0,0,0,0,0,FALSE,TRUE,FALSE,FALSE,TRUE,2,FALSE,FALSE,null,2023-04-07 10:42:21
PCH Champs,1746,29,blue,3,Lane,0,0,3,0,0,0,FALSE,FALSE,TRUE,2,0,0,1,1,1,FALSE,FALSE,TRUE,FALSE,FALSE,3,FALSE,FALSE,,2023-04-07 10:50:15
PCH Champs,6829,29,blue,1,Center,1,0,0,0,0,0,FALSE,TRUE,TRUE,0,0,0,2,2,0,FALSE,FALSE,TRUE,FALSE,FALSE,3,FALSE,FALSE,null,2023-04-07 10:50:13
PCH Champs,4509,29,blue,2,Bump,0,0,0,1,0,0,FALSE,FALSE,TRUE,0,0,3,1,0,0,FALSE,FALSE,TRUE,FALSE,FALSE,3,FALSE,FALSE,null,2023-04-07 10:50:14
PCH Champs,4189,29,red,2,Center,1,0,0,0,0,0,TRUE,FALSE,TRUE,0,0,0,3,1,0,TRUE,TRUE,FALSE,FALSE,TRUE,1,FALSE,FALSE,Good team work,2023-04-07 10:50:36
PCH Champs,8080,29,red,1,Bump,1,0,0,0,0,0,FALSE,FALSE,FALSE,1,0,3,0,0,0,FALSE,FALSE,TRUE,FALSE,FALSE,2,FALSE,FALSE,null,2023-04-07 10:50:18
PCH Champs,3815,30,blue,3,Lane,0,0,1,0,0,0,FALSE,FALSE,TRUE,0,0,2,0,0,1,FALSE,TRUE,TRUE,FALSE,FALSE,2,FALSE,FALSE,,2023-04-07 10:56:46
PCH Champs,2815,30,blue,1,Center,0,0,1,0,0,0,TRUE,FALSE,FALSE,0,1,2,0,1,0,FALSE,FALSE,TRUE,FALSE,FALSE,2,FALSE,FALSE,null,2023-04-07 10:56:46
PCH Champs,9293,30,blue,2,Bump,1,0,0,0,0,0,FALSE,FALSE,TRUE,0,1,4,0,0,0,FALSE,FALSE,FALSE,FALSE,TRUE,2,FALSE,FALSE,null,2023-04-07 10:56:49
PCH Champs,1758,30,red,1,Bump,0,0,0,0,1,0,FALSE,FALSE,TRUE,0,1,0,0,1,1,FALSE,FALSE,FALSE,FALSE,TRUE,1,FALSE,FALSE,null,2023-04-07 10:56:50
PCH Champs,342,30,red,2,Center,0,0,0,0,0,0,TRUE,FALSE,TRUE,1,0,0,0,2,0,TRUE,TRUE,FALSE,TRUE,FALSE,2,FALSE,FALSE,mosltly scored middle points ,2023-04-07 10:57:21
PCH Champs,832,30,red,3,Lane,0,0,0,1,0,0,FALSE,FALSE,TRUE,1,1,0,1,0,1,FALSE,FALSE,FALSE,FALSE,FALSE,0,FALSE,FALSE,,2023-04-07 10:56:51
PCH Champs,5109,31,blue,3,Bump,0,0,0,0,0,0,FALSE,FALSE,TRUE,1,0,1,2,0,2,TRUE,FALSE,TRUE,FALSE,FALSE,2,FALSE,FALSE,grabbed well,2023-04-07 11:04:12
PCH Champs,4533,31,blue,1,Bump,0,0,0,0,0,0,FALSE,FALSE,FALSE,0,0,0,0,0,0,FALSE,FALSE,FALSE,FALSE,FALSE,0,TRUE,FALSE,No robot on the field. Just sent 2 team reps to collect RP,2023-04-07 11:01:31
PCH Champs,5900,31,red,2,Center,0,0,1,0,0,0,TRUE,FALSE,FALSE,0,0,3,0,0,0,FALSE,TRUE,TRUE,FALSE,FALSE,2,FALSE,FALSE,,2023-04-07 11:03:19
PCH Champs,4112,31,red,3,Lane,0,0,0,1,0,0,FALSE,FALSE,FALSE,0,1,2,1,0,0,FALSE,FALSE,TRUE,FALSE,FALSE,2,FALSE,FALSE,,2023-04-07 11:03:27
PCH Champs,8137,31,red,1,Bump,0,0,0,0,0,0,FALSE,FALSE,TRUE,0,0,0,0,0,0,FALSE,FALSE,FALSE,FALSE,FALSE,0,FALSE,TRUE,Completly lost connection.,2023-04-07 11:03:00
PCH Champs,3489,32,red,2,Lane,0,0,0,0,1,0,FALSE,FALSE,TRUE,0,0,0,0,1,1,TRUE,FALSE,TRUE,FALSE,FALSE,3,FALSE,FALSE,null,2023-04-07 11:10:19
PCH Champs,343,32,red,3,Center,1,0,0,0,0,0,TRUE,FALSE,TRUE,0,2,1,0,1,1,FALSE,FALSE,TRUE,FALSE,FALSE,3,FALSE,FALSE,very good at scoring low pieces,2023-04-07 11:10:49
PCH Champs,345,32,red,2,Bump,0,0,0,0,0,0,TRUE,FALSE,TRUE,2,1,0,0,2,0,TRUE,FALSE,TRUE,TRUE,FALSE,3,FALSE,FALSE,,2023-04-07 11:10:17
PCH Champs,8865,32,red,1,Bump,1,0,0,0,0,0,FALSE,FALSE,FALSE,2,0,0,0,0,0,FALSE,FALSE,TRUE,FALSE,FALSE,3,FALSE,FALSE,null,2023-04-07 11:10:05
PCH Champs,4451,32,blue,3,Center,0,0,1,0,0,0,TRUE,FALSE,TRUE,0,1,0,0,0,0,TRUE,FALSE,TRUE,FALSE,FALSE,2,FALSE,FALSE,assumed arm couldnâ€™t fully extend. switched to defense,2023-04-07 11:10:36
PCH Champs,7538,32,blue,1,Bump,1,0,0,0,0,0,FALSE,FALSE,TRUE,0,1,2,0,0,0,FALSE,FALSE,TRUE,FALSE,FALSE,2,FALSE,FALSE,null,2023-04-07 11:10:23
PCH Champs,6023,33,blue,3,Center,1,0,0,0,0,0,TRUE,FALSE,FALSE,0,1,0,0,0,0,TRUE,FALSE,TRUE,FALSE,FALSE,2,FALSE,FALSE,,2023-04-07 11:17:43
PCH Champs,8866,33,blue,1,Bump,1,0,0,0,0,0,FALSE,FALSE,TRUE,0,1,0,2,0,1,FALSE,FALSE,FALSE,FALSE,TRUE,0,FALSE,FALSE,null,2023-04-07 11:17:30
PCH Champs,3635,33,red,2,Bump,0,1,0,0,0,0,FALSE,FALSE,TRUE,1,1,0,0,0,0,FALSE,TRUE,TRUE,FALSE,FALSE,2,FALSE,FALSE,null,2023-04-07 11:17:34
PCH Champs,1102,33,red,3,Lane,1,0,0,0,0,0,FALSE,FALSE,TRUE,0,0,3,0,0,0,FALSE,FALSE,TRUE,FALSE,FALSE,2,FALSE,FALSE,better at cones than cubes their cubes. mid cubes kept bouncing out when scoring. just sorta bad performance this match,2023-04-07 11:18:49
PCH Champs,6919,33,red,1,Center,1,0,0,0,0,0,TRUE,FALSE,FALSE,1,0,0,2,0,0,FALSE,FALSE,FALSE,FALSE,FALSE,0,FALSE,TRUE,Lost connection but before hand was a really good robot,2023-04-07 11:17:49
PCH Champs,5293,34,red,2,Center,0,0,0,0,0,0,TRUE,FALSE,FALSE,0,0,0,0,0,0,FALSE,TRUE,FALSE,FALSE,TRUE,2,FALSE,FALSE,null,2023-04-07 11:25:15
PCH Champs,8080,34,red,3,Lane,1,0,0,0,0,0,FALSE,FALSE,FALSE,0,0,4,0,0,1,FALSE,FALSE,TRUE,FALSE,FALSE,2,FALSE,FALSE,null,2023-04-07 11:25:13
PCH Champs,1311,34,red,1,Bump,0,0,1,0,0,0,FALSE,FALSE,TRUE,0,0,2,0,0,0,FALSE,FALSE,TRUE,FALSE,FALSE,2,FALSE,FALSE,Kinda a slow bot,2023-04-07 11:25:11
PCH Champs,7451,34,blue,3,Bump,0,0,1,0,0,0,FALSE,FALSE,TRUE,1,0,0,1,0,0,TRUE,FALSE,FALSE,TRUE,FALSE,2,FALSE,FALSE,,2023-04-07 11:25:26
PCH Champs,281,34,blue,1,Lane,0,0,0,1,0,0,FALSE,FALSE,TRUE,1,1,0,1,2,0,FALSE,FALSE,FALSE,TRUE,FALSE,2,FALSE,FALSE,Would have had the balance but alliance parenter was touching the station,2023-04-07 11:25:35
PCH Champs,4701,35,blue,3,Lane,0,0,0,0,0,1,FALSE,FALSE,TRUE,1,0,0,1,0,0,FALSE,TRUE,TRUE,FALSE,FALSE,2,FALSE,FALSE,big improvement compared to earliest matches,2023-04-07 11:32:06
PCH Champs,1758,35,blue,1,Center,0,0,0,0,1,0,TRUE,FALSE,TRUE,0,0,0,0,2,2,FALSE,FALSE,FALSE,FALSE,TRUE,0,FALSE,FALSE,Fumbled 2 cones ,2023-04-07 11:31:57
PCH Champs,6366,35,red,2,Center,1,0,0,0,0,0,TRUE,FALSE,FALSE,0,0,0,3,0,0,TRUE,FALSE,TRUE,FALSE,FALSE,2,FALSE,FALSE,null,2023-04-07 11:32:06
PCH Champs,3815,35,red,3,Bump,0,0,0,0,0,0,FALSE,FALSE,TRUE,0,0,6,0,0,0,FALSE,FALSE,FALSE,FALSE,TRUE,2,FALSE,FALSE,respectable drivebase,2023-04-07 11:32:00
PCH Champs,8736,35,red,1,Lane,0,0,0,0,0,1,FALSE,FALSE,TRUE,2,0,0,2,0,1,FALSE,FALSE,TRUE,FALSE,FALSE,2,FALSE,FALSE,null,2023-04-07 11:32:02
PCH Champs,4509,36,blue,3,Center,0,0,0,1,0,0,TRUE,FALSE,TRUE,1,1,0,4,0,0,TRUE,FALSE,TRUE,FALSE,FALSE,2,FALSE,FALSE,extremely quick movement across field,2023-04-07 11:37:58
PCH Champs,4533,36,blue,1,Lane,0,0,1,0,0,0,FALSE,FALSE,FALSE,1,0,0,1,0,0,FALSE,FALSE,TRUE,FALSE,FALSE,2,FALSE,FALSE,Got stuck on the blade of death and the charge station ,2023-04-07 11:38:34
PCH Champs,1414,36,red,2,Center,0,0,0,1,0,0,TRUE,FALSE,FALSE,1,0,0,3,2,0,TRUE,FALSE,TRUE,FALSE,FALSE,2,FALSE,FALSE,null,2023-04-07 11:37:47
PCH Champs,5109,36,red,3,Lane,1,0,0,0,0,0,FALSE,FALSE,TRUE,0,1,1,2,2,0,FALSE,FALSE,TRUE,FALSE,FALSE,2,FALSE,FALSE,when scoring cones flip up too much and they have to flip them back down,2023-04-07 11:38:28
PCH Champs,9293,36,red,1,Bump,1,0,0,0,0,0,FALSE,FALSE,TRUE,0,0,8,0,0,0,FALSE,FALSE,FALSE,FALSE,TRUE,0,FALSE,FALSE,null,2023-04-07 11:37:54
PCH Champs,4451,37,red,1,Lane,0,1,0,0,0,0,FALSE,FALSE,TRUE,1,0,2,3,0,0,FALSE,FALSE,TRUE,TRUE,FALSE,3,FALSE,FALSE,,2023-04-07 11:44:33
PCH Champs,6341,37,red,2,Center,1,0,0,0,0,0,FALSE,TRUE,TRUE,0,0,2,2,0,0,TRUE,TRUE,TRUE,FALSE,FALSE,3,FALSE,FALSE,Good team work ,2023-04-07 11:44:45
PCH Champs,2415,37,red,3,Bump,1,0,0,0,0,0,FALSE,FALSE,TRUE,0,0,0,1,0,0,FALSE,TRUE,TRUE,FALSE,FALSE,3,FALSE,FALSE,Acciendaly tipped blue robot over in tele op,2023-04-07 11:45:03
PCH Champs,6712,37,blue,2,Lane,0,0,0,1,0,0,FALSE,FALSE,TRUE,0,0,0,0,0,0,FALSE,FALSE,FALSE,FALSE,FALSE,0,FALSE,TRUE,,2023-04-07 11:43:14
PCH Champs,9260,37,blue,3,Bump,0,0,0,0,0,0,FALSE,FALSE,FALSE,1,0,1,2,1,0,TRUE,FALSE,FALSE,TRUE,FALSE,1,FALSE,FALSE,They slide off,2023-04-07 11:48:13
PCH Champs,1746,37,blue,1,Center,0,0,0,1,0,0,TRUE,FALSE,FALSE,1,0,2,4,1,0,FALSE,FALSE,FALSE,TRUE,FALSE,0,FALSE,FALSE,null,2023-04-07 11:44:43
PCH Champs,4701,43,blue,2,Center,0,0,0,0,0,0,FALSE,FALSE,TRUE,0,1,0,0,0,2,FALSE,FALSE,TRUE,FALSE,FALSE,2,FALSE,FALSE,,2023-04-07 14:34:14
PCH Champs,1287,43,blue,3,Lane,0,0,0,1,0,0,FALSE,FALSE,TRUE,1,0,0,2,0,0,FALSE,FALSE,FALSE,FALSE,FALSE,0,FALSE,FALSE,Rolled off charge station as time expired. Mechium wheels are bad stuff,2023-04-07 13:48:38
PCH Champs,6712,43,blue,1,Center,0,0,1,0,0,0,TRUE,FALSE,TRUE,0,0,2,0,1,2,FALSE,FALSE,FALSE,FALSE,TRUE,2,FALSE,FALSE,null,2023-04-07 13:48:06
PCH Champs,1758,43,blue,3,Bump,0,0,0,0,1,0,TRUE,FALSE,FALSE,0,0,0,0,3,1,TRUE,FALSE,TRUE,FALSE,FALSE,2,FALSE,FALSE,,2023-04-07 13:48:38
PCH Champs,8080,43,blue,2,Center,1,0,0,0,0,0,FALSE,FALSE,TRUE,0,0,5,0,0,0,TRUE,FALSE,FALSE,FALSE,TRUE,0,FALSE,FALSE,couldnâ€™t balance in time,2023-04-07 13:48:38
PCH Champs,5109,43,red,3,Lane,0,0,0,0,0,0,FALSE,FALSE,TRUE,1,1,0,4,0,0,FALSE,FALSE,FALSE,FALSE,TRUE,2,FALSE,FALSE,agressive. flattened a cone after running under their teammate,2023-04-07 13:48:24
PCH Champs,6023,43,red,1,Bump,1,0,0,0,0,0,FALSE,FALSE,FALSE,1,2,0,0,0,0,TRUE,FALSE,TRUE,FALSE,FALSE,2,FALSE,FALSE,Crushed cone,2023-04-07 13:48:12
PCH Champs,8137,44,blue,2,Bump,0,0,0,0,0,0,FALSE,FALSE,TRUE,0,0,0,0,0,0,FALSE,TRUE,TRUE,FALSE,FALSE,2,FALSE,FALSE,,2023-04-07 14:42:27
PCH Champs,1261,44,blue,3,Center,1,0,0,1,0,0,FALSE,FALSE,TRUE,1,0,0,3,0,0,FALSE,FALSE,FALSE,FALSE,TRUE,0,FALSE,FALSE,null,2023-04-07 13:55:21
PCH Champs,4189,44,blue,0,Bump,0,1,0,0,0,0,FALSE,FALSE,TRUE,0,1,0,2,2,0,FALSE,FALSE,TRUE,FALSE,FALSE,2,FALSE,FALSE,null,2023-04-07 13:55:10
PCH Champs,281,44,blue,3,Bump,0,0,0,1,0,0,FALSE,FALSE,TRUE,1,3,0,2,1,0,FALSE,FALSE,FALSE,TRUE,FALSE,3,FALSE,FALSE,null,2023-04-07 13:55:35
PCH Champs,6366,44,blue,2,Lane,1,0,0,0,0,0,FALSE,FALSE,TRUE,0,0,2,0,0,1,TRUE,FALSE,FALSE,FALSE,TRUE,1,FALSE,FALSE,knocked off teammate during auto,2023-04-07 13:56:27
PCH Champs,4533,44,red,3,Lane,0,0,0,0,0,0,FALSE,FALSE,FALSE,1,1,0,2,0,1,FALSE,FALSE,FALSE,FALSE,FALSE,1,FALSE,FALSE,null,2023-04-07 13:55:04
PCH Champs,4451,44,red,1,Center,0,0,0,0,0,0,FALSE,FALSE,FALSE,1,0,2,2,0,0,FALSE,FALSE,FALSE,TRUE,FALSE,2,FALSE,FALSE,Seemed to be going very slow,2023-04-07 13:55:45
PCH Champs,1102,44,red,3,Bump,0,0,2,0,0,0,null,null,TRUE,0,0,2,2,2,0,null,null,null,null,TRUE,2,null,null,null,2023-03-24 18:32:16
PCH Champs,4935,45,red,3,Bump,0,0,0,0,0,0,null,null,TRUE,2,0,0,2,0,0,TRUE,null,TRUE,null,null,2,null,null,null,2023-03-24 18:39:58
PCH Champs,1648,45,red,3,Lane,0,0,0,0,0,0,FALSE,FALSE,FALSE,0,0,0,0,0,0,FALSE,FALSE,FALSE,FALSE,FALSE,0,TRUE,FALSE,null,2023-04-07 13:59:25
PCH Champs,9260,45,blue,2,Bump,1,0,0,0,0,0,FALSE,FALSE,TRUE,0,0,0,3,0,1,TRUE,FALSE,FALSE,FALSE,TRUE,2,FALSE,FALSE,,2023-04-07 14:02:24
PCH Champs,342,45,blue,3,Lane,1,0,0,0,0,0,FALSE,FALSE,TRUE,0,0,0,0,0,4,FALSE,FALSE,TRUE,FALSE,FALSE,2,FALSE,FALSE,null,2023-04-07 14:01:37
PCH Champs,6829,45,blue,3,Bump,1,0,0,0,0,0,TRUE,FALSE,FALSE,2,0,0,3,0,0,TRUE,FALSE,TRUE,FALSE,FALSE,2,FALSE,FALSE,,2023-04-07 14:01:54
PCH Champs,4516,45,blue,0,Center,0,0,0,0,0,0,TRUE,FALSE,FALSE,0,2,0,0,0,0,FALSE,FALSE,TRUE,FALSE,FALSE,2,FALSE,FALSE,null,2023-04-07 14:01:40
PCH Champs,3489,46,red,3,Lane,0,0,2,0,0,0,null,null,TRUE,0,0,0,0,2,2,TRUE,null,TRUE,null,null,2,null,null,null,2023-03-24 18:49:13
PCH Champs,3344,46,red,2,Bump,0,0,0,0,0,0,FALSE,FALSE,TRUE,2,1,0,0,0,1,TRUE,FALSE,TRUE,FALSE,FALSE,2,FALSE,FALSE,wastes time trying to line up cone,2023-04-07 14:10:12
PCH Champs,832,46,blue,2,Bump,0,0,0,1,0,0,FALSE,FALSE,TRUE,1,0,0,0,0,1,TRUE,FALSE,TRUE,FALSE,FALSE,3,FALSE,FALSE,,2023-04-07 14:10:26
PCH Champs,6341,46,blue,3,Center,1,0,0,0,0,0,TRUE,FALSE,TRUE,0,0,0,2,0,1,FALSE,FALSE,TRUE,FALSE,FALSE,2,FALSE,FALSE,null,2023-04-07 14:10:02
PCH Champs,8866,46,blue,0,Center,0,0,0,0,0,0,TRUE,FALSE,FALSE,0,0,0,2,0,1,FALSE,FALSE,TRUE,FALSE,FALSE,3,FALSE,FALSE,null,2023-04-07 14:09:56
PCH Champs,3635,47,red,1,Lane,0,1,1,0,0,0,FALSE,FALSE,FALSE,0,0,0,0,0,0,FALSE,TRUE,TRUE,FALSE,FALSE,2,FALSE,FALSE,null,2023-04-07 14:17:26
PCH Champs,3490,47,red,3,Bump,1,0,0,0,0,0,FALSE,FALSE,FALSE,0,0,0,0,1,0,FALSE,FALSE,TRUE,FALSE,FALSE,2,FALSE,FALSE,null,2023-04-07 14:17:27
PCH Champs,4509,47,red,2,Center,0,0,0,1,0,0,TRUE,FALSE,TRUE,1,0,0,3,1,0,TRUE,FALSE,FALSE,FALSE,TRUE,2,FALSE,FALSE,reliable has backup plan if original gets interupted. great driver,2023-04-07 14:17:58
PCH Champs,1102,47,blue,2,Lane,1,0,0,0,0,0,FALSE,FALSE,TRUE,0,0,1,4,0,1,TRUE,FALSE,TRUE,FALSE,FALSE,2,FALSE,FALSE,fast swerve drive,2023-04-07 14:17:39
PCH Champs,4188,47,blue,3,Bump,0,0,0,0,0,1,FALSE,FALSE,TRUE,1,0,0,1,0,0,FALSE,FALSE,FALSE,FALSE,FALSE,0,FALSE,TRUE,Lost comms with the field again,2023-04-07 14:17:41
PCH Champs,5900,47,blue,0,Lane,0,0,0,0,0,0,FALSE,FALSE,TRUE,0,0,2,0,0,0,FALSE,FALSE,TRUE,FALSE,FALSE,2,FALSE,FALSE,null,2023-04-07 14:17:25
PCH Champs,6340,48,red,1,Center,1,0,0,0,0,0,TRUE,FALSE,FALSE,1,1,0,4,0,0,TRUE,FALSE,FALSE,FALSE,TRUE,2,FALSE,FALSE,null,2023-04-07 14:24:32
PCH Champs,2415,48,red,3,Lane,1,0,0,0,0,0,FALSE,FALSE,TRUE,0,0,0,2,0,0,FALSE,FALSE,TRUE,FALSE,FALSE,2,FALSE,FALSE,null,2023-04-07 14:24:28
PCH Champs,4112,48,red,2,Bump,0,0,0,0,0,0,FALSE,FALSE,FALSE,0,0,0,1,0,0,FALSE,TRUE,TRUE,FALSE,FALSE,2,FALSE,FALSE,null,2023-04-07 14:24:27
PCH Champs,8865,48,blue,2,Lane,1,0,0,0,0,0,FALSE,FALSE,FALSE,0,1,0,0,1,0,TRUE,FALSE,TRUE,FALSE,FALSE,2,FALSE,FALSE,quick swerve drive,2023-04-07 14:24:39
PCH Champs,6919,48,blue,3,Bump,0,0,1,0,0,0,FALSE,FALSE,TRUE,1,0,1,2,2,0,FALSE,FALSE,FALSE,FALSE,TRUE,0,FALSE,FALSE,Missed a few high cone scores,2023-04-07 14:24:54
PCH Champs,2815,48,blue,0,Center,0,0,0,0,0,0,TRUE,FALSE,TRUE,0,0,1,0,0,1,FALSE,FALSE,TRUE,FALSE,FALSE,0,FALSE,FALSE,null,2023-04-07 14:24:19
PCH Champs,1683,49,blue,1,Lane,0,0,0,0,0,1,FALSE,FALSE,TRUE,1,0,0,1,0,0,FALSE,FALSE,FALSE,TRUE,,FALSE,FALSE,FALSE,2,2023-04-07 14:34:22
PCH Champs,1746,49,blue,3,Center,0,0,0,1,0,0,TRUE,FALSE,FALSE,2,0,0,4,0,0,FALSE,TRUE,TRUE,FALSE,FALSE,2,FALSE,FALSE,,2023-04-07 14:34:51
PCH Champs,1311,49,red,3,Bump,0,0,1,0,0,0,FALSE,FALSE,TRUE,0,0,0,0,0,0,FALSE,FALSE,FALSE,FALSE,FALSE,2,FALSE,TRUE,Stopped working then got pushed over.,2023-04-07 14:34:47
PCH Champs,8736,50,blue,1,Center,0,0,0,1,0,0,FALSE,TRUE,TRUE,2,0,0,3,0,0,FALSE,FALSE,FALSE,FALSE,Really fast ,TRUE,FALSE,FALSE,2,2023-04-07 14:42:38
PCH Champs,8575,50,blue,3,Lane,1,0,0,0,0,0,FALSE,FALSE,FALSE,0,0,0,0,0,0,FALSE,FALSE,FALSE,FALSE,FALSE,0,FALSE,TRUE,null,2023-04-07 14:42:32
PCH Champs,1771,50,red,3,Lane,2,0,0,1,0,0,FALSE,FALSE,TRUE,0,2,1,0,0,0,FALSE,FALSE,FALSE,FALSE,TRUE,2,FALSE,FALSE,,2023-04-07 14:42:28
PCH Champs,1414,50,red,2,Center,0,0,0,0,0,0,TRUE,FALSE,FALSE,0,0,1,2,1,0,FALSE,FALSE,TRUE,FALSE,FALSE,2,FALSE,FALSE,null,2023-04-07 14:42:22
PCH Champs,3489,51,blue,1,Lane,0,0,0,0,1,0,FALSE,FALSE,TRUE,0,0,0,0,0,1,FALSE,FALSE,FALSE,TRUE,Drive seemed to break down and struggle,TRUE,FALSE,FALSE,2,2023-04-07 14:49:30
PCH Champs,3815,51,blue,2,Bump,0,0,1,0,0,0,FALSE,FALSE,TRUE,0,0,2,0,0,1,FALSE,FALSE,TRUE,FALSE,FALSE,2,FALSE,FALSE,null,2023-04-07 14:48:36
PCH Champs,6023,51,blue,3,Center,1,0,0,0,0,0,TRUE,FALSE,TRUE,2,2,0,0,0,0,FALSE,FALSE,FALSE,FALSE,TRUE,0,FALSE,FALSE,null,2023-04-07 14:48:42
PCH Champs,3344,51,red,3,Bump,0,0,0,1,0,0,FALSE,FALSE,TRUE,0,0,1,0,0,0,FALSE,FALSE,FALSE,FALSE,FALSE,2,FALSE,TRUE,Stopped moving,2023-04-07 14:49:02
PCH Champs,4451,51,red,2,Center,0,0,1,0,0,0,FALSE,FALSE,TRUE,1,0,0,3,1,0,FALSE,FALSE,TRUE,FALSE,FALSE,2,FALSE,FALSE,null,2023-04-07 14:48:33
PCH Champs,832,52,blue,1,Center,0,0,0,1,0,0,FALSE,FALSE,FALSE,2,0,1,1,0,1,FALSE,TRUE,FALSE,FALSE,null,TRUE,FALSE,FALSE,2,2023-04-07 14:55:23
PCH Champs,1102,52,blue,2,Lane,1,0,1,0,0,0,FALSE,FALSE,FALSE,0,0,1,2,0,3,FALSE,FALSE,TRUE,FALSE,FALSE,2,FALSE,FALSE,null,2023-04-07 14:55:25
PCH Champs,1648,52,blue,3,Bump,0,0,0,0,0,0,FALSE,FALSE,FALSE,1,0,0,0,0,0,FALSE,FALSE,FALSE,FALSE,FALSE,0,FALSE,TRUE,null,2023-04-07 14:55:21
PCH Champs,281,52,red,3,Bump,0,0,0,1,0,0,FALSE,FALSE,TRUE,0,0,2,1,1,1,FALSE,FALSE,FALSE,FALSE,TRUE,2,FALSE,FALSE,,2023-04-07 14:55:31
PCH Champs,6341,52,red,1,Lane,1,0,0,0,0,0,TRUE,FALSE,TRUE,1,0,4,0,0,0,FALSE,FALSE,TRUE,FALSE,FALSE,2,FALSE,FALSE,Team work accurate good maintenance ,2023-04-07 14:55:40
PCH Champs,1261,52,red,2,Lane,1,0,0,1,0,0,FALSE,FALSE,TRUE,0,0,2,3,0,1,FALSE,FALSE,TRUE,FALSE,FALSE,2,FALSE,FALSE,null,2023-04-07 14:55:28
PCH Champs,4188,53,blue,2,Lane,0,0,0,0,1,0,FALSE,FALSE,FALSE,0,0,0,0,0,0,FALSE,FALSE,FALSE,FALSE,FALSE,0,FALSE,TRUE,null,2023-04-07 15:03:34
PCH Champs,1757,53,blue,3,Center,0,0,0,0,1,0,FALSE,TRUE,TRUE,0,2,0,0,2,1,FALSE,FALSE,FALSE,FALSE,TRUE,0,FALSE,FALSE,null,2023-04-07 15:04:40
PCH Champs,4533,53,red,3,Center,0,0,0,0,0,0,FALSE,FALSE,TRUE,2,0,2,2,0,0,FALSE,FALSE,FALSE,FALSE,TRUE,2,FALSE,FALSE,,2023-04-07 15:03:36
PCH Champs,5294,53,red,1,Bump,0,1,0,0,0,0,FALSE,FALSE,FALSE,0,0,3,0,0,0,TRUE,FALSE,TRUE,FALSE,FALSE,2,FALSE,FALSE,Slow but efficient good balance but not good autonimous can only score low ,2023-04-07 15:04:33
PCH Champs,4189,53,red,2,Center,1,0,0,0,0,0,TRUE,FALSE,FALSE,0,0,0,3,0,0,FALSE,FALSE,TRUE,FALSE,FALSE,2,FALSE,FALSE,null,2023-04-07 15:03:29
PCH Champs,8865,54,blue,2,Lane,1,0,0,0,0,0,FALSE,FALSE,TRUE,0,2,0,0,0,0,FALSE,FALSE,FALSE,FALSE,TRUE,0,FALSE,FALSE,null,2023-04-07 15:10:56
PCH Champs,3499,54,blue,3,Center,1,0,0,0,0,0,TRUE,FALSE,TRUE,0,0,0,4,0,0,FALSE,FALSE,FALSE,TRUE,FALSE,2,FALSE,FALSE,null,2023-04-07 15:10:56
PCH Champs,1746,54,red,3,Bump,0,0,0,1,0,0,FALSE,FALSE,TRUE,1,1,2,2,2,0,FALSE,FALSE,FALSE,FALSE,TRUE,2,FALSE,FALSE,,2023-04-07 15:10:44
PCH Champs,4516,54,red,1,Center,1,0,0,0,0,0,FALSE,TRUE,TRUE,0,0,3,0,0,0,TRUE,TRUE,TRUE,FALSE,FALSE,2,FALSE,FALSE,good team work,2023-04-07 15:11:02
PCH Champs,5109,54,red,2,Lane,0,0,0,0,0,0,FALSE,FALSE,TRUE,1,0,1,2,1,0,TRUE,FALSE,TRUE,FALSE,FALSE,2,FALSE,FALSE,null,2023-04-07 15:10:42
PCH Champs,4509,55,red,2,Bump,0,0,0,2,0,0,FALSE,FALSE,FALSE,2,0,4,1,0,1,TRUE,FALSE,TRUE,FALSE,FALSE,2,FALSE,FALSE,,2023-04-07 15:16:49
PCH Champs,8575,55,red,1,Lane,1,0,0,0,0,0,FALSE,FALSE,TRUE,0,0,1,0,0,0,FALSE,FALSE,TRUE,FALSE,FALSE,2,FALSE,FALSE,,2023-04-07 15:16:47
PCH Champs,1311,55,red,3,Bump,0,1,0,0,0,0,FALSE,FALSE,TRUE,1,0,0,2,0,0,TRUE,FALSE,FALSE,FALSE,TRUE,0,FALSE,FALSE,,2023-04-07 15:17:13
PCH Champs,1414,55,blue,1,Center,0,0,0,2,0,0,FALSE,FALSE,FALSE,2,0,0,5,0,0,FALSE,FALSE,FALSE,FALSE,FALSE,0,FALSE,FALSE,null,2023-04-07 15:18:09
PCH Champs,1287,55,blue,3,Lane,0,0,0,1,0,0,FALSE,FALSE,TRUE,1,0,0,3,0,0,FALSE,FALSE,FALSE,TRUE,FALSE,2,FALSE,FALSE,,2023-04-07 15:16:54
PCH Champs,342,55,blue,2,Center,0,0,1,0,0,0,FALSE,FALSE,FALSE,0,0,0,0,2,0,FALSE,FALSE,FALSE,FALSE,FALSE,0,FALSE,FALSE,Popped a cube and missed the climb at the end. Play over the charge station but slowly ,2023-04-07 15:17:42
PCH Champs,6712,56,red,2,Bump,0,0,0,1,0,0,FALSE,FALSE,TRUE,1,0,0,1,0,0,TRUE,FALSE,TRUE,FALSE,FALSE,2,FALSE,FALSE,,2023-04-07 15:27:36
PCH Champs,343,56,red,1,Center,1,0,0,0,0,0,TRUE,FALSE,TRUE,0,0,3,1,1,1,FALSE,FALSE,TRUE,FALSE,FALSE,2,FALSE,FALSE,null,2023-04-07 15:27:59
PCH Champs,1771,56,red,3,Bump,1,0,0,0,0,0,FALSE,FALSE,TRUE,0,0,1,3,1,0,TRUE,FALSE,TRUE,FALSE,FALSE,2,FALSE,FALSE,,2023-04-07 15:27:39
PCH Champs,8866,56,blue,1,Lane,1,0,0,0,0,0,FALSE,FALSE,TRUE,1,0,0,2,0,1,FALSE,FALSE,FALSE,FALSE,TRUE,0,FALSE,FALSE,null,2023-04-07 15:27:44
PCH Champs,8736,56,blue,3,Lane,0,0,0,0,0,0,FALSE,FALSE,FALSE,1,0,0,1,0,1,TRUE,TRUE,TRUE,FALSE,FALSE,2,FALSE,FALSE,null,2023-04-07 15:27:24
PCH Champs,4701,57,red,2,Lane,0,0,0,0,0,1,FALSE,FALSE,TRUE,0,0,0,0,0,1,TRUE,TRUE,TRUE,FALSE,FALSE,2,FALSE,FALSE,Very slow sical speed. fair defence,2023-04-07 15:35:59
PCH Champs,7538,57,red,1,Bump,1,0,0,0,0,0,FALSE,FALSE,TRUE,0,0,3,0,0,2,FALSE,FALSE,TRUE,FALSE,FALSE,2,FALSE,FALSE,null,2023-04-07 15:34:43
PCH Champs,2974,57,red,3,Center,1,0,0,0,0,0,TRUE,FALSE,TRUE,1,0,2,5,0,0,FALSE,FALSE,FALSE,FALSE,TRUE,0,FALSE,FALSE,Really fast smooth driving,2023-04-07 15:35:05
PCH Champs,3635,57,red,3,Lane,0,0,0,0,0,0,FALSE,FALSE,FALSE,0,1,1,0,2,1,TRUE,FALSE,TRUE,FALSE,FALSE,2,FALSE,FALSE,null,2023-04-07 15:34:47
PCH Champs,8080,57,blue,3,Bump,1,0,0,0,0,0,FALSE,FALSE,TRUE,0,0,1,1,0,0,FALSE,FALSE,FALSE,FALSE,TRUE,2,FALSE,TRUE,,2023-04-07 15:35:09
PCH Champs,2815,57,blue,2,Center,0,0,0,0,0,0,TRUE,FALSE,TRUE,0,0,3,0,0,0,FALSE,FALSE,TRUE,FALSE,FALSE,2,FALSE,FALSE,null,2023-04-07 15:34:51
PCH Champs,6919,58,red,2,Lane,0,0,3,0,0,0,FALSE,FALSE,TRUE,0,0,1,2,2,0,TRUE,FALSE,FALSE,FALSE,TRUE,2,FALSE,FALSE,prefer lane but can use charge station as viable option. place then run. fast cycle very good 3 cube auto,2023-04-07 15:42:20
PCH Champs,8137,58,red,1,Bump,0,0,1,0,0,0,FALSE,FALSE,FALSE,0,0,2,0,0,0,TRUE,FALSE,TRUE,FALSE,FALSE,2,FALSE,FALSE,null,2023-04-07 15:41:18
PCH Champs,6366,58,red,3,Center,1,0,0,0,0,0,TRUE,FALSE,FALSE,1,0,0,2,1,0,FALSE,FALSE,TRUE,FALSE,FALSE,2,FALSE,FALSE,null,2023-04-07 15:44:03
PCH Champs,5900,58,blue,3,Lane,0,0,0,0,0,0,FALSE,FALSE,TRUE,1,0,2,0,0,0,FALSE,FALSE,FALSE,FALSE,TRUE,2,FALSE,FALSE,null,2023-04-07 15:41:22
PCH Champs,6340,58,blue,2,Center,1,0,0,0,0,0,TRUE,FALSE,TRUE,0,1,1,3,0,0,FALSE,FALSE,TRUE,FALSE,FALSE,2,FALSE,FALSE,null,2023-04-07 15:41:19
PCH Champs,1683,59,red,2,Bump,1,0,0,1,0,0,FALSE,FALSE,TRUE,0,0,0,2,4,0,TRUE,FALSE,TRUE,FALSE,FALSE,2,FALSE,FALSE,good speed. reliable. drop and go. prefer lane for trasnport,2023-04-07 15:48:02
PCH Champs,4112,59,red,1,Lane,0,0,0,1,0,0,FALSE,FALSE,FALSE,0,0,0,0,0,0,FALSE,FALSE,FALSE,FALSE,FALSE,0,FALSE,TRUE,Scored then died in auto ,2023-04-07 15:47:14
PCH Champs,4189,59,red,3,Center,1,0,0,0,0,0,FALSE,TRUE,FALSE,0,2,0,2,1,0,FALSE,FALSE,TRUE,FALSE,FALSE,2,FALSE,FALSE,null,2023-04-07 15:47:29
PCH Champs,1102,59,blue,3,Lane,1,1,0,0,0,0,FALSE,FALSE,TRUE,0,0,1,2,0,1,FALSE,FALSE,TRUE,FALSE,FALSE,2,FALSE,FALSE,null,2023-04-07 15:47:34
PCH Champs,3344,59,blue,2,Bump,0,0,0,1,0,0,FALSE,FALSE,TRUE,1,1,0,2,0,0,FALSE,FALSE,TRUE,FALSE,FALSE,2,FALSE,FALSE,null,2023-04-07 15:47:49
PCH Champs,4533,60,red,2,Lane,1,0,0,0,0,0,FALSE,FALSE,TRUE,1,0,0,2,0,1,TRUE,FALSE,FALSE,FALSE,TRUE,1,FALSE,FALSE,Slow but reliable,2023-04-07 15:56:26
PCH Champs,8865,60,red,1,Bump,1,0,0,0,0,0,FALSE,FALSE,FALSE,0,1,0,0,0,1,FALSE,FALSE,FALSE,FALSE,TRUE,1,FALSE,FALSE,null,2023-04-07 15:54:10
PCH Champs,4516,60,red,3,Center,1,0,0,0,0,0,TRUE,FALSE,FALSE,0,1,3,0,0,0,FALSE,FALSE,TRUE,FALSE,FALSE,1,FALSE,FALSE,null,2023-04-07 15:54:09
PCH Champs,8575,60,red,3,Lane,1,0,0,0,0,0,FALSE,FALSE,TRUE,0,1,0,2,0,0,FALSE,TRUE,FALSE,TRUE,FALSE,0,FALSE,FALSE,null,2023-04-07 15:54:05
PCH Champs,6023,60,blue,3,Center,1,0,0,0,0,0,FALSE,TRUE,FALSE,1,0,0,2,0,0,FALSE,FALSE,FALSE,FALSE,TRUE,2,FALSE,FALSE,,2023-04-07 15:54:19
PCH Champs,3490,60,blue,2,Bump,1,0,0,0,0,0,FALSE,FALSE,TRUE,0,1,0,4,0,0,FALSE,FALSE,FALSE,TRUE,FALSE,1,FALSE,FALSE,null,2023-04-07 15:54:21
PCH Champs,3489,61,red,2,Center,0,0,1,0,0,0,TRUE,FALSE,FALSE,0,0,0,0,1,1,FALSE,FALSE,TRUE,FALSE,FALSE,2,FALSE,FALSE,,2023-04-07 16:02:03
PCH Champs,6712,61,red,1,Bump,0,0,0,1,0,0,FALSE,FALSE,TRUE,1,0,0,1,0,1,FALSE,FALSE,FALSE,FALSE,TRUE,2,FALSE,FALSE,Struggle sometimes with intaking,2023-04-07 16:02:36
PCH Champs,4188,61,red,3,Lane,1,0,0,0,1,0,FALSE,FALSE,TRUE,0,1,0,2,1,1,FALSE,FALSE,TRUE,TRUE,FALSE,2,FALSE,FALSE,,2023-04-07 16:02:11
PCH Champs,1648,61,blue,3,Lane,0,0,0,0,0,0,FALSE,FALSE,TRUE,0,0,0,0,0,0,FALSE,FALSE,TRUE,FALSE,FALSE,2,FALSE,FALSE,Something was going on with there arm and claw,2023-04-07 16:03:00
PCH Champs,1311,61,blue,2,Bump,1,0,0,0,0,0,FALSE,FALSE,TRUE,1,0,2,0,0,0,FALSE,FALSE,FALSE,FALSE,FALSE,2,FALSE,FALSE,bro done fell overðŸ’€ðŸ’€ðŸ’€,2023-04-07 16:02:16
PCH Champs,1261,61,blue,0,Center,0,0,0,1,0,0,TRUE,FALSE,TRUE,0,0,0,4,0,0,FALSE,FALSE,TRUE,FALSE,FALSE,2,FALSE,FALSE,,2023-04-07 16:02:09
PCH Champs,7538,62,red,2,Center,1,0,0,0,0,0,FALSE,FALSE,TRUE,1,0,0,0,2,0,FALSE,FALSE,TRUE,FALSE,FALSE,2,FALSE,FALSE,null,2023-04-07 16:08:05
PCH Champs,1746,62,red,1,Center,0,0,0,1,0,0,FALSE,FALSE,TRUE,1,0,0,5,0,0,FALSE,FALSE,FALSE,FALSE,FALSE,2,FALSE,FALSE,Very good cycle time,2023-04-07 16:08:24
PCH Champs,2815,62,red,3,Center,0,0,1,0,0,0,TRUE,TRUE,TRUE,0,0,4,0,0,0,FALSE,FALSE,TRUE,TRUE,FALSE,2,FALSE,FALSE,,2023-04-07 16:08:12
PCH Champs,5293,62,blue,3,Lane,0,1,0,0,0,0,FALSE,FALSE,FALSE,0,0,2,0,0,0,FALSE,FALSE,TRUE,FALSE,FALSE,2,FALSE,FALSE,null,2023-04-07 16:08:25
PCH Champs,6829,62,blue,2,Center,1,0,0,0,0,0,FALSE,FALSE,TRUE,1,0,0,1,0,0,FALSE,FALSE,TRUE,FALSE,FALSE,2,FALSE,FALSE,they lost commaðŸ˜±,2023-04-07 16:08:25
PCH Champs,5109,62,blue,1,Bump,0,0,0,0,0,0,FALSE,FALSE,TRUE,1,0,0,2,0,2,FALSE,FALSE,FALSE,FALSE,FALSE,2,FALSE,FALSE,,2023-04-07 16:08:13
PCH Champs,2415,63,red,2,Lane,1,0,0,0,0,0,FALSE,FALSE,TRUE,1,0,0,3,0,0,TRUE,FALSE,FALSE,FALSE,TRUE,1,FALSE,FALSE,null,2023-04-07 16:15:42
PCH Champs,4701,63,red,1,Bump,0,0,0,0,0,1,FALSE,FALSE,TRUE,0,0,0,1,0,0,TRUE,FALSE,TRUE,FALSE,FALSE,1,FALSE,FALSE,Struggle to intake pieces but decent shuttle,2023-04-07 16:16:08
PCH Champs,8080,63,red,3,Center,0,0,0,0,0,0,FALSE,FALSE,FALSE,0,0,0,0,0,0,FALSE,FALSE,FALSE,FALSE,FALSE,0,FALSE,TRUE,Didn't move,2023-04-07 16:15:55
PCH Champs,281,63,blue,3,Center,1,0,0,0,0,0,TRUE,FALSE,TRUE,0,0,0,3,0,1,FALSE,FALSE,TRUE,FALSE,FALSE,2,FALSE,FALSE,null,2023-04-07 16:15:51
PCH Champs,8137,63,blue,2,Lane,0,0,0,0,0,0,FALSE,FALSE,TRUE,0,0,0,0,0,0,FALSE,TRUE,TRUE,FALSE,FALSE,2,FALSE,FALSE,null,2023-04-07 16:16:08
PCH Champs,9293,63,blue,0,Bump,1,0,0,0,0,0,FALSE,FALSE,TRUE,1,0,3,0,0,0,FALSE,FALSE,FALSE,FALSE,TRUE,2,FALSE,FALSE,null,2023-04-07 16:15:39
PCH Champs,1758,64,red,2,Center,0,0,0,0,1,0,TRUE,FALSE,FALSE,0,1,0,0,1,1,FALSE,FALSE,FALSE,FALSE,TRUE,2,FALSE,FALSE,null,2023-04-07 16:22:07
PCH Champs,4509,64,red,1,Bump,0,0,0,2,0,0,FALSE,FALSE,TRUE,1,0,2,1,0,2,FALSE,FALSE,FALSE,FALSE,TRUE,0,FALSE,FALSE,Tried to let teamate balanve but failed,2023-04-07 16:22:27
PCH Champs,9260,64,red,3,Lane,1,0,0,0,0,0,FALSE,FALSE,TRUE,1,0,0,2,1,0,FALSE,FALSE,FALSE,FALSE,TRUE,0,FALSE,FALSE,,2023-04-07 16:22:17
PCH Champs,343,64,blue,3,Center,1,0,0,0,0,0,TRUE,FALSE,TRUE,0,0,2,2,0,2,FALSE,FALSE,TRUE,FALSE,FALSE,2,FALSE,FALSE,null,2023-04-07 16:22:09
PCH Champs,6341,64,blue,2,Bump,1,0,0,0,0,0,FALSE,FALSE,TRUE,0,0,1,2,0,0,FALSE,FALSE,TRUE,FALSE,FALSE,2,FALSE,FALSE,null,2023-04-07 16:22:12
PCH Champs,7451,64,blue,1,Lane,1,0,0,0,0,0,FALSE,FALSE,TRUE,0,0,0,2,0,2,FALSE,FALSE,FALSE,FALSE,TRUE,2,FALSE,FALSE,,2023-04-07 16:22:10
PCH Champs,3635,65,red,2,Lane,0,1,0,0,0,0,FALSE,FALSE,TRUE,0,0,0,0,2,1,FALSE,FALSE,TRUE,FALSE,FALSE,2,FALSE,FALSE,null,2023-04-07 16:28:59
PCH Champs,6366,65,red,1,Center,1,0,0,0,0,0,TRUE,FALSE,FALSE,0,1,1,1,1,0,FALSE,FALSE,FALSE,FALSE,TRUE,2,FALSE,FALSE,,2023-04-07 16:29:07
PCH Champs,5900,65,red,3,Bump,1,0,0,0,0,0,FALSE,FALSE,TRUE,0,0,0,1,0,0,FALSE,FALSE,TRUE,TRUE,FALSE,2,FALSE,FALSE,,2023-04-07 16:29:07
PCH Champs,8736,65,blue,3,Lane,1,0,0,0,0,0,FALSE,FALSE,TRUE,0,0,0,2,1,1,FALSE,FALSE,TRUE,FALSE,FALSE,2,FALSE,FALSE,null,2023-04-07 16:29:02
PCH Champs,8866,65,blue,2,Bump,1,0,0,0,0,0,FALSE,FALSE,TRUE,0,3,0,0,0,1,FALSE,TRUE,FALSE,FALSE,TRUE,2,FALSE,FALSE,null,2023-04-07 16:29:02
PCH Champs,1414,65,blue,1,Center,0,0,0,1,0,0,TRUE,FALSE,TRUE,0,0,0,2,2,1,FALSE,FALSE,TRUE,FALSE,FALSE,2,FALSE,FALSE,,2023-04-07 16:29:00
PCH Champs,3815,66,red,2,Center,0,0,0,0,0,0,FALSE,FALSE,TRUE,0,0,3,0,0,1,FALSE,FALSE,FALSE,TRUE,FALSE,2,FALSE,FALSE,null,2023-04-07 16:40:56
PCH Champs,832,66,red,1,Lane,0,0,0,1,0,0,FALSE,FALSE,TRUE,0,0,4,0,0,0,FALSE,FALSE,FALSE,FALSE,TRUE,0,FALSE,FALSE,,2023-04-07 16:41:02
PCH Champs,4451,66,red,3,Center,1,0,0,0,0,0,TRUE,TRUE,TRUE,1,0,0,2,0,0,FALSE,FALSE,FALSE,FALSE,TRUE,0,FALSE,FALSE,,2023-04-07 16:40:56
PCH Champs,4112,66,blue,3,Bump,0,0,0,1,0,0,FALSE,FALSE,TRUE,0,0,0,0,0,0,FALSE,TRUE,TRUE,FALSE,FALSE,2,FALSE,FALSE,Arm and claw didn't work,2023-04-07 16:41:07
PCH Champs,6919,66,blue,2,Center,1,0,0,0,0,0,TRUE,FALSE,TRUE,0,0,0,2,2,0,FALSE,FALSE,FALSE,FALSE,TRUE,2,FALSE,FALSE,null,2023-04-07 16:41:16
PCH Champs,1771,66,blue,1,Lane,1,0,0,1,0,0,FALSE,FALSE,TRUE,1,1,1,2,0,0,FALSE,FALSE,TRUE,FALSE,FALSE,2,FALSE,FALSE,someone to consider,2023-04-07 16:41:07
PCH Champs,5293,67,red,2,Bump,0,0,1,0,0,0,FALSE,FALSE,FALSE,0,0,4,0,0,0,FALSE,TRUE,TRUE,FALSE,FALSE,3,FALSE,FALSE,,2023-04-07 16:48:51
PCH Champs,2974,67,red,2,Center,1,0,0,0,0,0,FALSE,TRUE,TRUE,0,0,0,1,0,3,FALSE,FALSE,TRUE,FALSE,FALSE,2,FALSE,FALSE,null,2023-04-07 16:48:47
PCH Champs,1287,67,red,1,Bump,FALSE,FALSE,TRUE,2,1,0,0,2,0,1,FALSE,FALSE,0,0,0,0,0,1,FALSE,FALSE,FALSE,FALSE,FALSE,,2023-04-07 16:48:34
PCH Champs,1102,67,red,3,Lane,1,0,0,0,0,0,FALSE,FALSE,TRUE,1,1,0,2,2,2,FALSE,FALSE,TRUE,FALSE,FALSE,2,FALSE,FALSE,,2023-04-07 16:48:24
PCH Champs,6340,67,blue,1,Center,1,0,0,0,0,0,FALSE,FALSE,TRUE,0,0,0,4,0,0,TRUE,FALSE,TRUE,FALSE,FALSE,3,FALSE,FALSE,Missed some placements in late game,2023-04-07 16:49:16
PCH Champs,8575,68,blue,2,Lane,0,0,0,0,0,0,FALSE,FALSE,TRUE,0,1,0,2,0,1,FALSE,FALSE,TRUE,FALSE,FALSE,2,FALSE,FALSE,,2023-04-07 16:57:21
PCH Champs,281,68,blue,1,Center,1,0,0,0,0,0,TRUE,FALSE,TRUE,0,1,0,2,2,1,TRUE,FALSE,FALSE,FALSE,FALSE,2,FALSE,FALSE,Attempted to get extra cube to score in last 10 seconds. didnt work,2023-04-07 16:58:02
PCH Champs,3344,68,red,2,Bump,0,0,0,0,0,0,FALSE,FALSE,TRUE,0,0,1,0,0,1,FALSE,TRUE,TRUE,FALSE,FALSE,2,FALSE,FALSE,null,2023-04-07 16:57:49
PCH Champs,5109,68,red,2,Lane,0,0,0,0,0,0,FALSE,FALSE,TRUE,1,0,0,3,0,0,FALSE,FALSE,FALSE,FALSE,TRUE,2,FALSE,FALSE,null,2023-04-07 16:57:32
PCH Champs,2815,68,red,1,Bump,TRUE,FALSE,FALSE,2,0,0,4,0,0,1,TRUE,FALSE,0,0,1,0,0,0,FALSE,FALSE,TRUE,FALSE,FALSE,null,2023-04-07 16:57:38
PCH Champs,3490,68,red,3,Center,0,0,1,0,0,0,FALSE,TRUE,FALSE,0,0,0,4,0,0,FALSE,FALSE,TRUE,FALSE,FALSE,2,TRUE,FALSE,null,2023-04-07 16:58:42
PCH Champs,1758,69,blue,0,Center,0,0,0,0,1,0,FALSE,FALSE,FALSE,0,0,0,0,0,0,FALSE,TRUE,FALSE,TRUE,FALSE,0,FALSE,FALSE,half way through something malfunctioned and they had to switch to defense ,2023-04-07 17:05:49
PCH Champs,1311,69,blue,3,Lane,1,0,0,0,0,0,FALSE,FALSE,TRUE,0,1,0,0,0,0,FALSE,TRUE,FALSE,TRUE,FALSE,3,FALSE,FALSE,,2023-04-07 17:04:49
PCH Champs,1746,69,blue,1,Bump,1,0,0,1,0,0,FALSE,FALSE,TRUE,0,0,0,2,1,2,TRUE,FALSE,FALSE,TRUE,FALSE,2,FALSE,FALSE,Got stuck for a few seconds on grid. couldnt balance in time,2023-04-07 17:05:18
PCH Champs,8137,69,red,1,Lane,TRUE,FALSE,FALSE,2,0,0,2,0,0,0,FALSE,TRUE,0,0,0,0,0,0,FALSE,FALSE,FALSE,FALSE,FALSE,null,2023-04-07 17:05:04
PCH Champs,6023,69,red,3,Center,1,0,0,0,0,0,FALSE,FALSE,TRUE,2,1,0,0,0,0,FALSE,FALSE,TRUE,FALSE,FALSE,2,FALSE,FALSE,null,2023-04-07 17:05:02
PCH Champs,9260,69,red,2,Bump,1,0,0,0,0,0,FALSE,FALSE,TRUE,0,0,0,0,0,0,FALSE,FALSE,FALSE,FALSE,FALSE,0,FALSE,TRUE,Flipped over.,2023-04-07 17:07:08
PCH Champs,9293,70,blue,0,Lane,1,0,0,0,0,0,FALSE,FALSE,TRUE,0,0,3,0,0,0,FALSE,FALSE,FALSE,TRUE,FALSE,0,FALSE,FALSE,null,2023-04-07 17:11:14
PCH Champs,1261,70,blue,1,Center,0,0,0,1,0,0,FALSE,FALSE,TRUE,1,0,1,3,0,0,TRUE,FALSE,FALSE,TRUE,FALSE,2,FALSE,FALSE,Couldnt balance in time,2023-04-07 17:11:29
PCH Champs,8865,70,red,3,Lane,1,0,0,0,0,0,FALSE,FALSE,FALSE,0,0,2,1,0,0,FALSE,FALSE,FALSE,FALSE,FALSE,0,FALSE,TRUE,Tipped over,2023-04-07 17:10:50
PCH Champs,7538,70,red,2,Bump,1,0,0,0,0,0,FALSE,FALSE,TRUE,0,0,3,0,0,0,FALSE,FALSE,TRUE,TRUE,FALSE,2,FALSE,FALSE,,2023-04-07 17:11:32
PCH Champs,6341,70,red,1,Center,TRUE,FALSE,FALSE,2,0,0,0,4,0,0,FALSE,FALSE,1,0,0,0,0,0,TRUE,FALSE,FALSE,FALSE,FALSE,null,2023-04-07 17:11:15
PCH Champs,4112,71,blue,0,Lane,0,0,0,1,0,0,FALSE,FALSE,TRUE,2,0,1,1,0,0,FALSE,FALSE,TRUE,FALSE,FALSE,2,FALSE,FALSE,null,2023-04-07 17:18:22
PCH Champs,343,71,blue,1,Bump,0,0,0,0,0,0,FALSE,FALSE,TRUE,1,0,5,0,0,0,TRUE,TRUE,TRUE,FALSE,FALSE,2,FALSE,FALSE,,2023-04-07 17:18:35
PCH Champs,8080,71,red,3,Lane,0,1,0,0,0,0,FALSE,FALSE,FALSE,0,0,0,0,0,1,FALSE,FALSE,FALSE,FALSE,FALSE,0,FALSE,TRUE,Stopped working,2023-04-07 17:18:28
PCH Champs,1648,71,red,2,Bump,1,0,0,0,0,0,FALSE,FALSE,TRUE,0,1,1,0,0,0,FALSE,FALSE,TRUE,TRUE,FALSE,1,FALSE,FALSE,,2023-04-07 17:18:29
PCH Champs,3815,71,red,1,Center,FALSE,FALSE,TRUE,0,0,0,1,0,0,0,FALSE,FALSE,0,0,1,0,0,0,TRUE,FALSE,FALSE,FALSE,TRUE,null,2023-04-07 17:18:22
PCH Champs,1683,72,blue,0,Bump,1,0,0,1,0,0,FALSE,FALSE,TRUE,1,3,0,3,0,0,FALSE,FALSE,FALSE,FALSE,TRUE,2,FALSE,FALSE,null,2023-04-07 17:26:05
PCH Champs,3489,72,blue,3,Lane,0,0,0,0,0,0,FALSE,FALSE,TRUE,0,0,1,0,2,0,FALSE,FALSE,TRUE,FALSE,FALSE,2,FALSE,FALSE,,2023-04-07 17:27:18
PCH Champs,4451,72,blue,1,Center,1,0,0,0,0,0,TRUE,FALSE,TRUE,1,1,0,1,1,0,TRUE,FALSE,TRUE,FALSE,FALSE,2,FALSE,FALSE,Really good. love the team that made This,2023-04-07 17:26:33
PCH Champs,3635,72,red,3,Center,0,0,0,0,0,0,TRUE,FALSE,TRUE,0,1,1,0,2,0,FALSE,FALSE,FALSE,FALSE,TRUE,0,FALSE,FALSE,null,2023-04-07 17:26:00
PCH Champs,8736,72,red,2,Lane,0,0,0,1,0,0,FALSE,FALSE,TRUE,1,0,0,4,0,0,FALSE,FALSE,TRUE,TRUE,FALSE,2,FALSE,FALSE,,2023-04-07 17:26:07
PCH Champs,342,72,red,1,Bump,TRUE,FALSE,FALSE,2,0,0,5,0,0,0,TRUE,FALSE,1,0,0,0,0,0,FALSE,FALSE,FALSE,FALSE,FALSE,null,2023-04-07 17:26:04
PCH Champs,6919,73,red,3,Center,1,0,0,0,0,0,FALSE,FALSE,FALSE,1,0,1,2,1,0,FALSE,FALSE,TRUE,FALSE,FALSE,2,FALSE,FALSE,Very good cycle times,2023-04-07 17:36:34
PCH Champs,1287,73,red,2,Lane,0,0,0,0,0,0,FALSE,FALSE,FALSE,0,0,1,2,0,1,TRUE,FALSE,FALSE,FALSE,FALSE,2,FALSE,FALSE,attemptes to get another piece in late game,2023-04-07 17:36:59
PCH Champs,4509,73,red,1,Bump,0,0,0,1,0,0,FALSE,FALSE,TRUE,1,0,2,1,0,2,FALSE,FALSE,TRUE,FALSE,FALSE,2,FALSE,FALSE,Good performance and great team work good autonimous accurate and intellect ,2023-04-07 17:37:11
PCH Champs,1771,73,blue,3,Lane,1,0,0,1,0,0,FALSE,FALSE,TRUE,0,3,0,2,0,1,FALSE,FALSE,FALSE,FALSE,TRUE,2,FALSE,FALSE,,2023-04-07 17:36:29
PCH Champs,4533,73,blue,2,Bump,1,0,0,0,0,0,FALSE,FALSE,TRUE,0,0,0,0,0,0,FALSE,TRUE,TRUE,FALSE,FALSE,2,FALSE,FALSE,Something wrong with arm and claw,2023-04-07 17:37:27
PCH Champs,2974,73,blue,1,Center,1,0,0,0,0,0,TRUE,FALSE,TRUE,0,0,0,0,3,2,FALSE,FALSE,TRUE,FALSE,FALSE,2,FALSE,FALSE,,2023-04-07 17:36:37
PCH Champs,6712,74,red,3,Lane,0,0,0,1,0,0,FALSE,FALSE,TRUE,1,1,0,2,1,0,FALSE,FALSE,FALSE,FALSE,TRUE,2,FALSE,FALSE,Improved intake consitency,2023-04-07 17:44:26
PCH Champs,832,74,red,2,Bump,0,0,0,1,0,0,FALSE,FALSE,FALSE,1,0,0,1,0,0,TRUE,FALSE,TRUE,FALSE,FALSE,2,FALSE,FALSE,Struggled with getting a piece. flipped teammate back up after tilting over,2023-04-07 17:44:35
PCH Champs,4189,74,red,1,Center,1,0,0,0,0,0,TRUE,TRUE,TRUE,0,0,0,1,0,2,FALSE,FALSE,TRUE,FALSE,FALSE,2,FALSE,TRUE,But got saved by their teammate the minute after,2023-04-07 17:45:27
PCH Champs,6340,74,blue,3,Center,1,0,0,0,0,0,TRUE,FALSE,FALSE,0,0,0,2,0,0,FALSE,FALSE,FALSE,FALSE,FALSE,2,FALSE,TRUE,They tipped over,2023-04-07 17:44:16
PCH Champs,4515,74,blue,2,Bump,1,0,0,0,0,0,FALSE,FALSE,TRUE,1,0,2,0,0,0,FALSE,FALSE,TRUE,FALSE,FALSE,2,FALSE,FALSE,null,2023-04-07 17:44:17
PCH Champs,6366,74,blue,0,Lane,1,0,0,0,0,0,FALSE,FALSE,TRUE,0,0,1,2,0,0,FALSE,FALSE,TRUE,FALSE,FALSE,2,FALSE,FALSE,null,2023-04-07 17:44:04
PCH Champs,4188,75,red,3,Center,0,0,0,0,1,0,TRUE,FALSE,FALSE,1,1,2,1,1,0,FALSE,FALSE,TRUE,FALSE,FALSE,2,FALSE,FALSE,Realy good at mid,2023-04-07 17:51:04
PCH Champs,8866,75,red,2,Lane,1,0,0,0,0,0,FALSE,FALSE,TRUE,0,0,1,3,0,0,TRUE,FALSE,FALSE,FALSE,TRUE,2,FALSE,FALSE,Quick swerve drive. crushes cones so more placing time,2023-04-07 17:51:15
PCH Champs,4701,75,red,1,Bump,0,0,0,0,0,1,FALSE,FALSE,TRUE,1,0,2,0,0,0,TRUE,FALSE,TRUE,FALSE,FALSE,2,FALSE,FALSE,null,2023-04-07 17:51:05
PCH Champs,5900,75,blue,3,Bump,1,0,0,0,0,0,FALSE,FALSE,TRUE,0,0,0,0,0,1,FALSE,FALSE,TRUE,FALSE,FALSE,1,FALSE,FALSE,null,2023-04-07 17:51:04
PCH Champs,2415,75,blue,2,Lane,1,0,0,0,0,0,FALSE,FALSE,TRUE,0,0,2,2,0,0,FALSE,FALSE,FALSE,FALSE,TRUE,0,FALSE,FALSE,null,2023-04-07 17:52:19
PCH Champs,6829,75,blue,0,Center,1,0,0,0,0,0,TRUE,FALSE,TRUE,0,1,0,3,2,0,FALSE,FALSE,FALSE,FALSE,TRUE,1,FALSE,FALSE,null,2023-04-07 17:50:57
PCH Champs,8137,76,red,3,Lane,0,0,0,0,0,0,FALSE,FALSE,TRUE,0,0,3,0,0,0,TRUE,TRUE,TRUE,FALSE,FALSE,2,FALSE,FALSE,Good at shuttling and defending,2023-04-07 17:57:52
PCH Champs,8080,76,red,2,Bump,0,0,0,0,0,0,FALSE,FALSE,FALSE,0,0,0,0,0,0,FALSE,FALSE,FALSE,FALSE,FALSE,0,TRUE,FALSE,,2023-04-07 17:55:05
PCH Champs,1414,76,red,1,Bump,0,0,0,1,0,0,TRUE,FALSE,TRUE,1,1,1,3,2,0,TRUE,TRUE,TRUE,FALSE,FALSE,2,FALSE,FALSE,Great work good performance accurate and managed to score more since they were in a team of 2 ,2023-04-07 17:58:48
PCH Champs,2815,76,blue,3,Bump,0,0,1,0,0,0,FALSE,FALSE,TRUE,0,0,2,0,0,0,FALSE,FALSE,FALSE,FALSE,FALSE,2,FALSE,FALSE,null,2023-04-07 17:57:34
PCH Champs,6341,76,blue,2,Center,1,0,0,0,0,0,TRUE,FALSE,TRUE,1,0,0,3,0,0,FALSE,FALSE,FALSE,FALSE,FALSE,0,FALSE,FALSE,null,2023-04-07 17:58:00
PCH Champs,1102,76,blue,0,Lane,1,1,0,0,0,0,FALSE,FALSE,TRUE,0,0,1,3,0,2,FALSE,FALSE,TRUE,FALSE,FALSE,2,FALSE,FALSE,null,2023-04-07 17:57:34
PCH Champs,7451,77,red,3,Lane,1,0,0,0,0,0,FALSE,FALSE,TRUE,0,0,0,2,0,1,FALSE,FALSE,FALSE,FALSE,FALSE,2,FALSE,FALSE,Struglled with aligning,2023-04-07 18:03:59
PCH Champs,8865,77,red,2,Bump,1,0,0,0,0,0,FALSE,FALSE,FALSE,0,1,0,0,0,0,FALSE,FALSE,TRUE,FALSE,FALSE,2,FALSE,FALSE,Disabled for a moment and one other red robot was in process of beginning to go up charge station but was still balanced,2023-04-07 18:04:58
PCH Champs,3635,77,red,1,Center,0,1,0,0,0,0,TRUE,FALSE,TRUE,0,0,0,0,4,1,TRUE,TRUE,FALSE,TRUE,FALSE,1,FALSE,FALSE,null,2023-04-07 18:03:48
PCH Champs,342,77,blue,3,Lane,1,0,0,0,0,0,FALSE,FALSE,TRUE,0,0,4,0,0,0,FALSE,FALSE,FALSE,TRUE,FALSE,2,FALSE,FALSE,null,2023-04-07 18:03:35
PCH Champs,3344,77,blue,2,Bump,0,0,0,1,0,0,FALSE,FALSE,TRUE,1,0,0,1,0,0,FALSE,FALSE,FALSE,TRUE,FALSE,2,FALSE,FALSE,null,2023-04-07 18:03:41
PCH Champs,1648,77,blue,0,Center,1,0,0,0,0,0,TRUE,FALSE,TRUE,0,0,4,0,0,0,FALSE,FALSE,FALSE,FALSE,TRUE,1,FALSE,FALSE,null,2023-04-07 18:03:39